symbol,combo,horizon_h,active_pct,flips,active_segments,median_active_run_h,whipsaw_active_le_6h_pct,bar_samples,bar_dir_mean_pct,bar_dir_win_pct,entry_signals,entry_dir_mean_pct,entry_dir_median_pct,entry_dir_win_pct
BTC-USDT-SWAP,trend_50/60/70_trigger_20/30/40,6,75.24799327000596,1876,940,35.0,11.382978723404255,42935,0.024167110634881056,48.885524630255034,940,0.12283201227930175,0.016637198648078444,50.638297872340424
BTC-USDT-SWAP,trend_50/60/70_trigger_20/30/40,12,75.24799327000596,1876,940,35.0,11.382978723404255,42935,0.04097025188624778,48.27995807616164,940,0.19027253008252643,0.07790024511195037,52.55319148936171
BTC-USDT-SWAP,trend_50/60/70_trigger_20/30/40,24,75.24799327000596,1876,940,35.0,11.382978723404255,42928,0.07864241707008422,48.103801714498694,940,0.11473741147864132,0.013081549595661546,50.42553191489362
BTC-USDT-SWAP,trend_50/60/70_trigger_20/30/40,48,75.24799327000596,1876,940,35.0,11.382978723404255,42904,0.15050868612322052,49.32407234756666,940,0.2190986628594328,0.01664778470225614,50.31914893617021
BTC-USDT-SWAP,trend_50/60/70_trigger_20/30/40,72,75.24799327000596,1876,940,35.0,11.382978723404255,42880,0.19498092128019173,48.680037313432834,940,0.17446198715585265,-0.016704548241719408,49.8936170212766
BTC-USDT-SWAP,trend_40/50/60_trigger_20/30/40,6,79.21062778225665,1988,997,34.0,12.437311935807422,45196,0.02330640328460878,48.90255774847332,997,0.04608013247857916,-0.08704263525487477,45.83751253761284
BTC-USDT-SWAP,trend_40/50/60_trigger_20/30/40,12,79.21062778225665,1988,997,34.0,12.437311935807422,45196,0.04331645806317026,48.49101690415081,997,0.14957040866873475,0.0347301433810121,50.65195586760281
BTC-USDT-SWAP,trend_40/50/60_trigger_20/30/40,24,79.21062778225665,1988,997,34.0,12.437311935807422,45189,0.07288781668696807,48.2440416915621,997,0.07537271618898386,-0.061235112213342546,48.846539618856575
BTC-USDT-SWAP,trend_40/50/60_trigger_20/30/40,48,79.21062778225665,1988,997,34.0,12.437311935807422,45165,0.13607391419121256,49.2173142920403,997,0.14222849415585276,-0.03620983212505591,49.44834503510532
BTC-USDT-SWAP,trend_40/50/60_trigger_20/30/40,72,79.21062778225665,1988,997,34.0,12.437311935807422,45141,0.18041397103758655,48.60548060521477,997,0.15225129271393967,-0.11132683092189843,48.64593781344032
BTC-USDT-SWAP,trend_50/60/70_trigger_50/55/60,6,94.46002313435451,1146,594,65.0,6.7340067340067336,53891,0.025025746640136456,49.65764227793138,593,0.05864522355016709,0.009477493913689905,50.252951096121414
BTC-USDT-SWAP,trend_50/60/70_trigger_50/55/60,12,94.46002313435451,1146,594,65.0,6.7340067340067336,53885,0.03934341433525701,49.03405400389719,593,0.09624733433989234,0.027705982594572465,50.75885328836425
BTC-USDT-SWAP,trend_50/60/70_trigger_50/55/60,24,94.46002313435451,1146,594,65.0,6.7340067340067336,53873,0.06653427193510447,48.70343214597293,593,0.07245826840391709,0.022822991262483328,51.09612141652614
BTC-USDT-SWAP,trend_50/60/70_trigger_50/55/60,48,94.46002313435451,1146,594,65.0,6.7340067340067336,53849,0.11530349540200299,49.4252446656391,593,0.12227033834280876,0.07091631782636387,51.264755480607086
BTC-USDT-SWAP,trend_50/60/70_trigger_50/55/60,72,94.46002313435451,1146,594,65.0,6.7340067340067336,53825,0.18059085303092304,49.29493729679517,593,0.06698857659103931,0.06604660191416034,51.264755480607086
BTC-USDT-SWAP,all_four_agree,6,75.14283711311298,1880,942,35.0,11.67728237791932,42875,0.023862745746571448,48.87696793002915,942,0.11933770576536976,0.009262221528127945,50.21231422505308
BTC-USDT-SWAP,all_four_agree,12,75.14283711311298,1880,942,35.0,11.67728237791932,42875,0.04052904756061363,48.261224489795914,942,0.18928498818813538,0.06252341006622864,52.016985138004245
BTC-USDT-SWAP,all_four_agree,24,75.14283711311298,1880,942,35.0,11.67728237791932,42868,0.07823139298304604,48.10348045161892,942,0.11750429472942857,0.009295747129894893,50.424628450106155
BTC-USDT-SWAP,all_four_agree,48,75.14283711311298,1880,942,35.0,11.67728237791932,42844,0.14932097239400738,49.3091214639156,942,0.23044964319259678,0.03447843571048326,50.530785562632694
BTC-USDT-SWAP,all_four_agree,72,75.14283711311298,1880,942,35.0,11.67728237791932,42820,0.1940303741610258,48.67585240541803,942,0.19780529365677707,0.016987179566552157,50.10615711252654
ETH-USDT-SWAP,trend_50/60/70_trigger_20/30/40,6,75.04925415142132,1920,961,34.0,12.79916753381894,42664,0.03858115685688603,48.66397899868742,961,0.06945125551055815,-0.023534445870776466,48.907388137356925
ETH-USDT-SWAP,trend_50/60/70_trigger_20/30/40,12,75.04925415142132,1920,961,34.0,12.79916753381894,42664,0.07251956851139506,48.27723607725483,961,0.13833251971171015,0.0053806190103200535,50.052029136316335
ETH-USDT-SWAP,trend_50/60/70_trigger_20/30/40,24,75.04925415142132,1920,961,34.0,12.79916753381894,42654,0.11008623107203562,48.007220893702815,961,0.17727236237571425,-0.08104690995147656,48.80332986472424
ETH-USDT-SWAP,trend_50/60/70_trigger_20/30/40,48,75.04925415142132,1920,961,34.0,12.79916753381894,42630,0.15167250869187482,48.31339432324654,961,0.1496655928926421,-0.22103888274891403,47.45057232049948
ETH-USDT-SWAP,trend_50/60/70_trigger_20/30/40,72,75.04925415142132,1920,961,34.0,12.79916753381894,42606,0.20873914084726175,48.52368211050087,961,0.07072064461504234,-0.3547508505297059,46.82622268470343
ETH-USDT-SWAP,trend_40/50/60_trigger_20/30/40,6,79.11799887419082,2011,1008,34.0,12.3015873015873,44977,0.0338175277307928,48.620405985281366,1007,0.10077973756968228,-0.018902612703597388,49.056603773584904
ETH-USDT-SWAP,trend_40/50/60_trigger_20/30/40,12,79.11799887419082,2011,1008,34.0,12.3015873015873,44977,0.059668767725350576,48.240211663739245,1007,0.18653290277000176,0.03609954981738106,50.84409136047666
ETH-USDT-SWAP,trend_40/50/60_trigger_20/30/40,24,79.11799887419082,2011,1008,34.0,12.3015873015873,44967,0.0914887952555222,47.984077212177816,1007,0.21248625261573337,0.015333175055398662,50.446871896722946
ETH-USDT-SWAP,trend_40/50/60_trigger_20/30/40,48,79.11799887419082,2011,1008,34.0,12.3015873015873,44943,0.13524830186593348,48.26780588745744,1007,0.19622034592429133,-0.07987220447283061,49.25521350546177
ETH-USDT-SWAP,trend_40/50/60_trigger_20/30/40,72,79.11799887419082,2011,1008,34.0,12.3015873015873,44919,0.1795819222336127,48.29136890847971,1007,0.09922448227108874,-0.3672794050800787,46.971201588877854
ETH-USDT-SWAP,trend_50/60/70_trigger_50/55/60,6,94.23550520686743,1173,605,65.0,7.768595041322314,53565,0.018009783140028567,49.130962382152525,605,0.09698334061909096,0.011294415288110038,50.413223140495866
ETH-USDT-SWAP,trend_50/60/70_trigger_50/55/60,12,94.23550520686743,1173,605,65.0,7.768595041322314,53559,0.025827238849214795,48.52965888086036,605,0.07783626844919925,0.015167126038817536,50.247933884297524
ETH-USDT-SWAP,trend_50/60/70_trigger_50/55/60,24,94.23550520686743,1173,605,65.0,7.768595041322314,53547,0.04081220441602784,48.07552243823183,605,-0.01082527238760665,-0.14101442501668338,48.09917355371901
ETH-USDT-SWAP,trend_50/60/70_trigger_50/55/60,48,94.23550520686743,1173,605,65.0,7.768595041322314,53523,0.06658982516659065,47.73275040636736,605,-0.07556739932417698,-0.2931740093743196,47.27272727272727
ETH-USDT-SWAP,trend_50/60/70_trigger_50/55/60,72,94.23550520686743,1173,605,65.0,7.768595041322314,53499,0.1275640466505894,48.32987532477242,605,-0.22434854829594325,-0.46082391197717065,46.44628099173554
ETH-USDT-SWAP,all_four_agree,6,74.94546861806923,1918,960,34.0,13.125,42605,0.03862154467357764,48.65860814458397,960,0.06412757413813855,-0.02624602734466186,48.854166666666664
ETH-USDT-SWAP,all_four_agree,12,74.94546861806923,1918,960,34.0,13.125,42605,0.07283488371092978,48.28541251026875,960,0.13263862960143707,0.026305242635116244,50.416666666666664
ETH-USDT-SWAP,all_four_agree,24,74.94546861806923,1918,960,34.0,13.125,42595,0.11072844836026025,48.0009390773565,960,0.17296262450988337,-0.07436515876275696,48.95833333333333
ETH-USDT-SWAP,all_four_agree,48,74.94546861806923,1918,960,34.0,13.125,42571,0.15250680204665348,48.31692936506072,960,0.14066176006736916,-0.23295537360646934,47.39583333333333
ETH-USDT-SWAP,all_four_agree,72,74.94546861806923,1918,960,34.0,13.125,42547,0.2100224770694778,48.52281006886502,960,0.04997406233507209,-0.3610151278048923,46.875
SOL-USDT-SWAP,trend_50/60/70_trigger_20/30/40,6,74.77313974591652,1535,770,35.5,10.25974025974026,35426,0.06910357635634012,49.026138993959236,769,0.11556024348033489,-0.027799399532979496,49.544863459037714
SOL-USDT-SWAP,trend_50/60/70_trigger_20/30/40,12,74.77313974591652,1535,770,35.5,10.25974025974026,35420,0.12853077085957393,49.3845285149633,769,0.060422585630896794,0.12919896640826156,52.53576072821846
SOL-USDT-SWAP,trend_50/60/70_trigger_20/30/40,24,74.77313974591652,1535,770,35.5,10.25974025974026,35408,0.23811488822627574,49.64697243560777,769,-0.02063553191682782,0.007173086579159715,50.06501950585176
SOL-USDT-SWAP,trend_50/60/70_trigger_20/30/40,48,74.77313974591652,1535,770,35.5,10.25974025974026,35399,0.5166054433363804,50.22175767677053,768,0.6514249743033976,0.3012498787983542,52.734375
SOL-USDT-SWAP,trend_50/60/70_trigger_20/30/40,72,74.77313974591652,1535,770,35.5,10.25974025974026,35375,0.6622170245540034,50.416961130742045,768,0.7453880695773935,-0.013710910234632223,50.0
SOL-USDT-SWAP,trend_40/50/60_trigger_20/30/40,6,79.07820875364031,1643,825,33.0,10.545454545454545,37466,0.07092870855805261,48.96172529760316,824,0.11687343006261108,-0.07730763709707933,48.907766990291265
SOL-USDT-SWAP,trend_40/50/60_trigger_20/30/40,12,79.07820875364031,1643,825,33.0,10.545454545454545,37460,0.12262723713303629,49.177789642285106,824,-0.011638092593610464,-0.05296112491003924,48.786407766990294
SOL-USDT-SWAP,trend_40/50/60_trigger_20/30/40,24,79.07820875364031,1643,825,33.0,10.545454545454545,37448,0.22711078569046708,49.57274086733604,824,0.02188519638744205,-0.11733755387058897,48.786407766990294
SOL-USDT-SWAP,trend_40/50/60_trigger_20/30/40,48,79.07820875364031,1643,825,33.0,10.545454545454545,37435,0.4770982965234297,50.15359957259249,823,0.608603441696267,0.2867640469576216,52.12636695018226
SOL-USDT-SWAP,trend_40/50/60_trigger_20/30/40,72,79.07820875364031,1643,825,33.0,10.545454545454545,37411,0.5883445756618956,50.11360295100371,823,0.5826702125616005,-0.09747776288534515,49.57472660996355
SOL-USDT-SWAP,trend_50/60/70_trigger_50/55/60,6,93.9433587979572,936,484,68.0,5.991735537190083,44510,0.052180879649847065,49.36868119523702,483,0.01632693543976802,-0.014764506127251664,49.4824016563147
SOL-USDT-SWAP,trend_50/60/70_trigger_50/55/60,12,93.9433587979572,936,484,68.0,5.991735537190083,44504,0.10874327695411443,49.615764875067406,483,-0.017400950135935823,0.20075578649031423,52.79503105590062
SOL-USDT-SWAP,trend_50/60/70_trigger_50/55/60,24,93.9433587979572,936,484,68.0,5.991735537190083,44492,0.2457416970019657,50.32140609547784,483,-0.16982197210461866,-0.013672409078480108,49.68944099378882
SOL-USDT-SWAP,trend_50/60/70_trigger_50/55/60,48,93.9433587979572,936,484,68.0,5.991735537190083,44472,0.4874461338883836,50.25858967440187,482,0.18978738344264637,0.3012498787983542,52.074688796680505
SOL-USDT-SWAP,trend_50/60/70_trigger_50/55/60,72,93.9433587979572,936,484,68.0,5.991735537190083,44448,0.6570311541561361,50.77168826493881,482,0.20936025484747534,-0.11620253574763373,49.79253112033195
SOL-USDT-SWAP,all_four_agree,6,74.66762334866839,1531,768,35.0,10.026041666666668,35376,0.06999727958209438,49.02476255088196,767,0.1475074569485122,0.015232292460021224,50.0651890482399
SOL-USDT-SWAP,all_four_agree,12,74.66762334866839,1531,768,35.0,10.026041666666668,35370,0.12830729903565813,49.37234944868533,767,0.07760052191681566,0.11322653694538776,52.411994784876136
SOL-USDT-SWAP,all_four_agree,24,74.66762334866839,1531,768,35.0,10.026041666666668,35358,0.23879055038997232,49.6436450025454,767,0.0021938064222951415,-0.004941443889894259,49.934810951760106
SOL-USDT-SWAP,all_four_agree,48,74.66762334866839,1531,768,35.0,10.026041666666668,35349,0.5175948584529383,50.23621601742624,766,0.6753575314061917,0.3948825306559711,53.00261096605744
SOL-USDT-SWAP,all_four_agree,72,74.66762334866839,1531,768,35.0,10.026041666666668,35325,0.6630836986195712,50.42604387827318,766,0.782206908175104,0.16072242066354492,50.391644908616186
DOGE-USDT-SWAP,trend_50/60/70_trigger_20/30/40,6,72.29570191772407,1751,877,33.0,12.542759407069557,37659,0.12867981880435084,47.67519052550519,875,0.024799627323754587,-0.04602102240304218,48.0
DOGE-USDT-SWAP,trend_50/60/70_trigger_20/30/40,12,72.29570191772407,1751,877,33.0,12.542759407069557,37659,0.24780527241618844,47.555697177301575,875,0.15363465155273684,-0.12043356081894441,47.08571428571429
DOGE-USDT-SWAP,trend_50/60/70_trigger_20/30/40,24,72.29570191772407,1751,877,33.0,12.542759407069557,37659,0.40278373875886453,47.8079609123981,875,0.5656418541188342,-0.19379844961240345,47.77142857142857
DOGE-USDT-SWAP,trend_50/60/70_trigger_20/30/40,48,72.29570191772407,1751,877,33.0,12.542759407069557,37636,0.5189844510675969,48.86013391433734,875,0.6265027843264904,0.08743442418186476,50.28571428571429
DOGE-USDT-SWAP,trend_50/60/70_trigger_20/30/40,72,72.29570191772407,1751,877,33.0,12.542759407069557,37612,0.8112735673264527,48.715835371689884,875,0.5125970939915271,-0.08159268929504027,49.142857142857146
DOGE-USDT-SWAP,trend_40/50/60_trigger_20/30/40,6,76.6974449542165,1882,943,32.0,12.83138918345705,39952,0.12147654853972333,47.72977573087705,941,0.10594284973063381,-0.04098107572516607,48.67162592986185
DOGE-USDT-SWAP,trend_40/50/60_trigger_20/30/40,12,76.6974449542165,1882,943,32.0,12.83138918345705,39952,0.2268909228232835,47.47196635963156,941,0.28500800126485015,-0.06251953735542104,48.88416578108396
DOGE-USDT-SWAP,trend_40/50/60_trigger_20/30/40,24,76.6974449542165,1882,943,32.0,12.83138918345705,39952,0.3582835891826049,47.6646976371646,941,0.5646921050965925,-0.2737117696060887,46.86503719447396
DOGE-USDT-SWAP,trend_40/50/60_trigger_20/30/40,48,76.6974449542165,1882,943,32.0,12.83138918345705,39929,0.4758257411460254,48.739011745848885,941,0.5893209391166614,0.01700680272108679,50.05313496280552
DOGE-USDT-SWAP,trend_40/50/60_trigger_20/30/40,72,76.6974449542165,1882,943,32.0,12.83138918345705,39905,0.7721687201896006,48.76581881969678,941,0.5179677147301736,0.021063717746183652,50.265674814027626
DOGE-USDT-SWAP,trend_50/60/70_trigger_50/55/60,6,93.6133453631006,1035,531,72.0,7.1563088512241055,48760,0.1014399978056298,48.519278096800655,530,-0.007162326656331303,-0.031129038853494606,48.301886792452834
DOGE-USDT-SWAP,trend_50/60/70_trigger_50/55/60,12,93.6133453631006,1035,531,72.0,7.1563088512241055,48754,0.19511780163733314,48.37551790622308,530,0.05859585360173162,-0.09875249349544646,47.735849056603776
DOGE-USDT-SWAP,trend_50/60/70_trigger_50/55/60,24,93.6133453631006,1035,531,72.0,7.1563088512241055,48742,0.31035722261509,48.5371958475237,530,0.689993744566239,-0.14866984837802466,48.301886792452834
DOGE-USDT-SWAP,trend_50/60/70_trigger_50/55/60,48,93.6133453631006,1035,531,72.0,7.1563088512241055,48718,0.42474426996582976,49.24668500348947,530,0.6155519735784928,0.043426338074037396,50.0
DOGE-USDT-SWAP,trend_50/60/70_trigger_50/55/60,72,93.6133453631006,1035,531,72.0,7.1563088512241055,48694,0.6527512835537197,49.143631658931284,530,0.5268177106245531,-0.005197055002159612,49.62264150943396
DOGE-USDT-SWAP,all_four_agree,6,72.16900543259172,1757,880,32.5,12.727272727272727,37593,0.1286233818032611,47.671108983055355,878,0.025784016299568793,-0.05655754852436079,47.722095671981776
DOGE-USDT-SWAP,all_four_agree,12,72.16900543259172,1757,880,32.5,12.727272727272727,37593,0.24792530008523342,47.55406591652701,878,0.1412563789603987,-0.1142700469408564,47.26651480637813
DOGE-USDT-SWAP,all_four_agree,24,72.16900543259172,1757,880,32.5,12.727272727272727,37593,0.4027966944517925,47.79347218897135,878,0.5469156905327688,-0.1870489275037246,47.83599088838269
DOGE-USDT-SWAP,all_four_agree,48,72.16900543259172,1757,880,32.5,12.727272727272727,37570,0.5202108554046747,48.86877828054298,878,0.6376813819163395,0.08714355016496977,50.34168564920274
DOGE-USDT-SWAP,all_four_agree,72,72.16900543259172,1757,880,32.5,12.727272727272727,37546,0.8138757430207997,48.72955840835242,878,0.5032610671682287,-0.04258571740554107,49.31662870159453
BNB-USDT-SWAP,trend_50/60/70_trigger_20/30/40,6,73.17400117700909,1066,534,32.0,13.670411985018728,22376,0.0141247713262164,47.81015373614587,532,-0.04011673351019375,-0.11192850006165322,43.984962406015036
BNB-USDT-SWAP,trend_50/60/70_trigger_20/30/40,12,73.17400117700909,1066,534,32.0,13.670411985018728,22376,0.03320586463332074,47.44368966750089,532,-0.027501717413814214,-0.10939503014100183,45.67669172932331
BNB-USDT-SWAP,trend_50/60/70_trigger_20/30/40,24,73.17400117700909,1066,534,32.0,13.670411985018728,22376,0.05366459101337915,47.7163031819807,532,0.026430551682962967,-0.07515279770167749,47.93233082706767
BNB-USDT-SWAP,trend_50/60/70_trigger_20/30/40,48,73.17400117700909,1066,534,32.0,13.670411985018728,22359,0.06030489358123497,48.208774989936934,532,0.17073792802923785,0.03185731891579002,50.56390977443609
BNB-USDT-SWAP,trend_50/60/70_trigger_20/30/40,72,73.17400117700909,1066,534,32.0,13.670411985018728,22335,0.07062423205792157,49.07544213118424,532,0.18120487748760322,-0.01294102188128532,49.62406015037594
BNB-USDT-SWAP,trend_40/50/60_trigger_20/30/40,6,77.52239586739032,1151,577,31.0,14.904679376083187,23706,0.014516407329490008,47.747405720070866,575,-0.05560077357281799,-0.11707643418630287,43.130434782608695
BNB-USDT-SWAP,trend_40/50/60_trigger_20/30/40,12,77.52239586739032,1151,577,31.0,14.904679376083187,23706,0.029988957428123512,47.37619168143086,575,-0.00045653360912330774,-0.11738304850681391,45.391304347826086
BNB-USDT-SWAP,trend_40/50/60_trigger_20/30/40,24,77.52239586739032,1151,577,31.0,14.904679376083187,23706,0.04676087034408578,47.734750696026325,575,-0.08690880941099502,-0.15783854045773316,45.565217391304344
BNB-USDT-SWAP,trend_40/50/60_trigger_20/30/40,48,77.52239586739032,1151,577,31.0,14.904679376083187,23689,0.06664751433788328,48.35577694288488,575,0.13889018514126394,0.038354588167610615,50.78260869565218
BNB-USDT-SWAP,trend_40/50/60_trigger_20/30/40,72,77.52239586739032,1151,577,31.0,14.904679376083187,23665,0.06432896772258273,48.94147475174308,575,0.09439689422610187,-0.06269592476488839,48.69565217391305
BNB-USDT-SWAP,trend_50/60/70_trigger_50/55/60,6,93.77819917609364,627,324,68.5,8.024691358024691,28677,0.009735225077781491,48.613871743906266,323,0.005753010610307613,-0.087765490609093,44.27244582043344
BNB-USDT-SWAP,trend_50/60/70_trigger_50/55/60,12,93.77819917609364,627,324,68.5,8.024691358024691,28671,0.02009904238153593,48.0659900247637,323,0.037971944881427286,-0.12360939431395046,45.82043343653251
BNB-USDT-SWAP,trend_50/60/70_trigger_50/55/60,24,93.77819917609364,627,324,68.5,8.024691358024691,28659,0.02713309821876903,48.20475243379043,323,0.055952005162247076,-0.07634753397465222,48.297213622291025
BNB-USDT-SWAP,trend_50/60/70_trigger_50/55/60,48,93.77819917609364,627,324,68.5,8.024691358024691,28635,0.0620091228116515,48.978522786799374,323,0.140782614607066,0.03327787021630835,50.77399380804953
BNB-USDT-SWAP,trend_50/60/70_trigger_50/55/60,72,93.77819917609364,627,324,68.5,8.024691358024691,28611,0.09848447330662546,49.725630002446614,323,0.12818719356582498,0.033300033300043275,50.15479876160991
BNB-USDT-SWAP,all_four_agree,6,73.07918655594062,1068,535,32.0,14.018691588785046,22347,0.013999497598252716,47.796124759475546,533,-0.048655250306004316,-0.12146451500952837,42.964352720450286
BNB-USDT-SWAP,all_four_agree,12,73.07918655594062,1068,535,32.0,14.018691588785046,22347,0.03332465226752062,47.46050924061395,533,-0.030585090961632238,-0.12867875970279385,45.590994371482175
BNB-USDT-SWAP,all_four_agree,24,73.07918655594062,1068,535,32.0,14.018691588785046,22347,0.053386571822439166,47.70662728777912,533,0.018226772305540623,-0.07395806142870276,48.030018761726076
BNB-USDT-SWAP,all_four_agree,48,73.07918655594062,1068,535,32.0,14.018691588785046,22330,0.061258823658095325,48.21764442454098,533,0.17145092791903827,0.044969805987404854,50.84427767354597
BNB-USDT-SWAP,all_four_agree,72,73.07918655594062,1068,535,32.0,14.018691588785046,22306,0.07162082467560536,49.089930960279744,533,0.17963761880134915,-0.009355849745040778,49.71857410881801
