trade_id,symbol,timeframe,direction,cross_time,entry_time,exit_time,entry_price,exit_price,ema15_at_entry,ma50_at_entry,atr_at_entry,stop_price,qty,gross_pnl,fee,slippage,net_pnl,r_multiple,exit_reason,bars_after_cross,pullback_index,pullback_depth_pct,ema15_slope_5,ema15_slope_10,ma50_slope_10,daily_filter_pass,max_r_before_exit,max_drawdown_r,holding_bars
T0001,BTC-USDT-SWAP,4H,short,2022-01-18 08:00,2022-01-19 12:00,2022-01-19 20:00,41701.4,42498.7,42216.21394165717250680947512,42725.374,664.3640217876000688102717489,42498.7,0.12,-95.676,2.58656904,0,-98.26256904,-1.027034669509594882729211087,止损,6,1,0.6888018398445060999096876669,-0.008140447979518178001643638491,-0.01672776618845756281248705297,0.001207806864370572859116458524,true,0.7116518249090681048538818512,1.084409883356327605669133325,2
T0002,BTC-USDT-SWAP,4H,short,2022-02-03 20:00,2022-02-04 08:00,2022-02-04 12:00,37320.7,38211,37377.22232947061392569495146,37522.708,741.9088193801358191390072043,38211,0.11,-97.933,2.12894715,0,-100.06194715,-1.021738812759743906548354487,止损,2,1,0.04274707839054227383841107775,-0.01136054685989521637229704289,-0.02300390120180889204694787649,0.0008256866748529983496926714351,true,0.3249466471975738515107267213,1.012355385825002808042232955,1
T0003,BTC-USDT-SWAP,4H,short,2022-02-13 04:00,2022-02-14 00:00,2022-02-14 20:00,42561.5,42530.8,42668.46726913071564209976998,43029.8,822.0243453077746558705395471,43548,0.1,3.07,2.1695313,0,0.9004687,0.009127913836796756208819057273,保本,4,1,0.3082668286152479674528920121,-0.005948428250147893977371339049,-0.01880930955023827021963522453,0.01486732450534280893706222199,true,1.033552965027876330461226559,0.2972123669538773441459706031,5
T0004,BTC-USDT-SWAP,4H,short,2022-04-03 08:00,2022-04-04 12:00,2022-04-05 04:00,46000,45966.8,46248.56101079326634375293971,46441.028,709.6348204700235207831399631,46851.6,0.11,3.652,2.57928528,0,1.07271472,0.01145132926256458431188351339,保本,6,1,0.4437737839212683174827583112,0.0006882435432621364264530481843,-0.001464394993363750209293137907,0.008024542436915909785631790924,true,1.087130108031939877876937529,1.049788633161108501643964302,4
T0005,BTC-USDT-SWAP,4H,short,2022-04-23 08:00,2022-04-25 00:00,2022-04-25 00:00,39660,39631.4,39897.41252932146041878502326,40454.936,541.6888842011743955733340886,40310.1,0.15,4.29,3.0324456,0,1.2575544,0.01289600984463928626365174589,保本,9,1,0.1819352837109261133510181991,-0.005856568249791775657699585681,-0.01715359861962674385793214781,-0.003003440667907619480599351337,true,1.163205660667589601599753884,0.2153514843870173819412398093,0
T0006,BTC-USDT-SWAP,4H,short,2022-05-21 00:00,2022-05-22 00:00,2022-05-22 16:00,29547.3,30318.7,29577.28758229445899533045785,29805.172,642.7758622445497322613908309,30318.7,0.12,-92.568,1.84161924,0,-94.40961924,-1.01989477184340160746694322,止损,5,1,0.2752531565953196640559215422,-0.006878169706167905713767812869,-0.006893333267852048218423533601,0.003437993915955257698227676727,true,0.3817733990147783251231527094,1.01464869069224786103189007,4
T0007,BTC-USDT-SWAP,4H,short,2022-05-24 04:00,2022-05-25 00:00,2022-05-25 08:00,29396.8,30092.8,29600.69783633168826426459913,29733.85,579.930441284418328599823875,30092.8,0.14,-97.44,2.13400992,0,-99.57400992,-1.021900758620689655172413793,止损,4,1,0.2601363119682936049194272593,-0.009193403248437796924351279673,-0.004177855917998749169471770067,-0.00266914644420416461373148785,true,0.455172413793103448275862069,1.208620689655172413793103448,2
T0008,BTC-USDT-SWAP,4H,short,2022-05-26 16:00,2022-05-27 04:00,2022-05-29 20:00,29388.4,29367.2,29531.41900036682386951763421,29614.432,637.3159954665474756297434501,30153.2,0.13,2.756,1.94745876,0,0.80854124,0.008132254184100418410041841004,保本,2,1,0.9094754289654688029773393372,-0.002955309755981749967535538646,-0.004433633997330690124137812678,-0.004071325764411081732041998982,true,1.464827405857740585774058577,0.4041579497907949790794979079,16
T0009,BTC-USDT-SWAP,4H,short,2022-06-04 12:00,2022-06-05 00:00,2022-06-06 08:00,29850.7,30414.7,29960.14895799875051261467687,30073.242,469.9919018483727209009195253,30414.7,0.17,-95.88,2.62257249,0,-98.50257249,-1.027352654255319148936170213,止损,2,1,0.1163246619704972057212041821,-0.007893738241400525672646903091,-0.01766566540831189748707444911,0.003075092469245583831633450095,true,0.6124113475177304964539007092,2.557624113475177304964539007,8
T0010,BTC-USDT-SWAP,4H,short,2022-06-07 12:00,2022-06-08 12:00,2022-06-12 20:00,30018,28221.1,30415.63141311984796062360835,30491.162,739.5901462185807550497116393,30905.6,0.11,197.659,1.61285256,0,196.04614744,2.007928913925191527715187021,2R,5,1,2.984875028727961813058606464,-0.001225542211884132008843647893,0.001724896067336253410570493153,0.004057569206447428930389730637,true,3.542023433979269941415051825,0.9936908517350157728706624606,26
T0011,BTC-USDT-SWAP,4H,short,2022-07-12 08:00,2022-07-14 00:00,2022-07-14 00:00,19456.1,20004.3,19922.39628276044845848090162,20650.604,456.8017265206643722942969256,20004.3,0.18,-98.676,1.82159334,0,-100.49759334,-1.01846034841298796059832178,止损,9,1,1.082217792375312981938475969,-0.016444795562654850278963982,-0.04166376200524027968959779327,-0.0006573173356091666858751443783,true,0.3941991973732214520248084641,1.10525355709595038307187158,0
T0012,BTC-USDT-SWAP,4H,short,2022-07-25 12:00,2022-07-26 08:00,2022-07-28 00:00,21315.5,21929,22173.08660081184435294122655,22567.824,511.2133396803196038770246137,21929,0.16,-98.16,1.7746824,0,-99.9346824,-1.018079486552567237163814181,止损,4,1,0.42805677394810920150419353,-0.01754850835361913591051988737,-0.02099023520736975412298694985,0.009761951351623444067979261093,true,0.9858190709046454767726161369,2.934474327628361858190709046,10
T0013,BTC-USDT-SWAP,4H,short,2022-08-04 04:00,2022-08-04 12:00,2022-08-05 08:00,23093.6,23076.9,23148.4248443301637381337568,23217.502,459.1907612785282062972460182,23644.7,0.18,3.006,2.11891032,0,0.88708968,0.008942616585011794592632915986,保本,1,1,0.3092009765293704247680160237,0.001960738531975246267959816094,-0.004329209189226814055500477343,0.01458442859184420442819386857,true,1.320631464344039194338595536,0.2166575939031028851388132825,5
T0014,BTC-USDT-SWAP,4H,short,2022-10-03 04:00,2022-10-03 16:00,2022-10-04 00:00,19200.4,19554.6,19254.7326168641738270822257,19298.962,295.1380276077785474371746336,19554.6,0.28,-99.176,2.77752048,0,-101.95352048,-1.028005974025974025974025974,止损,2,1,0.3311777130572864341478205024,-0.004360947079959018151668763135,-0.007811008348168463420687561258,0.002283853401027474949170841416,true,0.2097684923771880293619424054,1.263692828910220214568040655,2
T0015,BTC-USDT-SWAP,4H,short,2022-10-09 04:00,2022-10-10 04:00,2022-10-11 20:00,19471,19207.3,19554.6080974096046969847899,19672.178,207.9688683605644590957698539,19720.6,0.4,105.48,3.9341112,0,101.5458888,1.017086225961538461538461538,1R,5,1,0.01274330110827127693020779266,-0.004664993431447824985628838726,-0.01295605211394366143739407205,-0.00004615655673713403772576681647,true,2.486778846153846153846153846,0.2151442307692307692307692308,10
T0016,BTC-USDT-SWAP,4H,short,2022-10-20 12:00,2022-10-20 20:00,2022-10-21 20:00,19208.4,18952.5,19241.79856978862119547063313,19260.69,201.5959494972972214881874303,19450.4,0.41,104.919,3.9787056,0,100.9402944,1.017338181818181818181818182,1R,1,1,0.07380510797819256500143677481,-0.004449505651716418713332058751,-0.007950718134015263375947006645,0.0009415031341037107185671956716,true,2.365289256198347107438016529,0.5809917355371900826446280992,6
T0017,BTC-USDT-SWAP,4H,short,2022-11-02 20:00,2022-11-03 04:00,2022-11-04 12:00,20250.1,20545,20462.81750324873483300703687,20533.98,245.7133729490692065752316993,20545,0.33,-97.317,3.44312595,0,-100.76012595,-1.035380518819938962360122075,止损,1,1,1.670261178339702293147302107,-0.0032178839810795395602669023,-0.004887898466005914934977409258,0.01062122394197325603706636512,true,0.752797558494404883011190234,1.484571041030857917938284164,8
T0018,BTC-USDT-SWAP,4H,short,2022-11-08 12:00,2022-11-09 04:00,2022-11-10 12:00,18252.1,16851.3,20154.21625417083249133175143,20592,578.1099546406500359255180246,18945.9,0.14,196.112,1.23259962,0,194.87940038,2.006335712020755260882098587,2R,3,1,2.687694420848879581193204463,-0.03679882429068476413635622197,-0.04539994488192841206649851659,-0.005782439782439782439782439782,true,3.995531853560103776304410493,0.6896800230614009801095416547,8
T0019,BTC-USDT-SWAP,4H,short,2022-12-28 04:00,2022-12-29 00:00,2022-12-30 20:00,16578.3,16566.3,16738.06492369268997979453761,16812.178,107.5056390131328799798976326,16707.4,0.77,9.24,6.50697201,0,2.73302799,0.02749331525948876839659178931,保本,4,1,0.2965401110199524380848022719,-0.005161380636514072163788104318,-0.006387433754449167208403255926,0.0006339452270847953192025447268,true,1.869093725793958171959721146,0.7041053446940356312935708753,11
T0020,BTC-USDT-SWAP,4H,short,2023-02-06 00:00,2023-02-07 04:00,2023-02-07 16:00,23031.4,23014.8,23113.89518991624124981499183,23306.418,261.8382976403752307633830289,23345.7,0.31,5.146,3.63941178,0,1.50658822,0.01546281259942729875914731149,保本,6,1,0.223695788437751910484544042,-0.006336504351484161675503858642,-0.01294021046737572983246773438,-0.0005859330249719197518898013414,true,1.266306076996500159083678015,0.1100859051861279032771237671,3
T0021,BTC-USDT-SWAP,4H,short,2023-02-23 16:00,2023-02-24 00:00,2023-02-27 00:00,23954.5,23378.3,24216.73078957085753617703624,24346.006,465.6950194361939230270309497,24513.4,0.17,97.954,2.04159171,0,95.91240829,1.009466160314904276256933262,1R,1,1,0.07667926191399647258820912028,-0.003816381818525885137844518331,-0.01758036038755683133914534021,0.01756509876815112918316047404,true,2.204151010914295938450527823,0.3242082662372517444981213097,18
T0022,BTC-USDT-SWAP,4H,short,2023-03-26 04:00,2023-03-26 12:00,2023-03-26 20:00,27535.1,28180.4,27629.98173079929046471662165,27698.41,537.6849988341060746314499481,28180.4,0.15,-96.795,2.14128135,0,-98.93628135,-1.022121817759181775918177592,止损,1,1,0.07245125746281280400582732312,-0.005879507813683340596073857576,-0.0112264127496104033391275049,0.01398015265136157635041144961,true,0.1137455447078878041221137455,1.064001239733457306679064001,2
T0023,BTC-USDT-SWAP,4H,short,2023-04-06 08:00,2023-04-07 00:00,2023-04-10 20:00,28098.8,28570.1,28138.9665044602786573314239,28234.54,392.7385639693809204805693001,28570.1,0.21,-98.973,3.04501176,0,-102.01801176,-1.030766085295989815404201146,止损,3,1,0.170700994054304029477839545,-0.003112373007937804979769244619,0.001077350416252341871441842185,0.007046759040522707293973976555,true,0.7018883938043708890303416083,1.02164226607256524506683641,23
T0024,BTC-USDT-SWAP,4H,short,2023-04-18 04:00,2023-04-19 20:00,2023-04-23 04:00,29309.3,27855.6,29960.06985655360821925283386,30132.526,397.8418437173218967660931611,29786.8,0.2,290.74,2.8848822,0,287.8551178,3.014189715183246073298429319,3R,9,1,0.3912879509549885159310935825,0.0007012229317332435050292977387,-0.0002995194476425806067778595284,0.008519697286579956821409529357,true,4.605863874345549738219895288,0.4056544502617801047120418848,20
T0025,BTC-USDT-SWAP,4H,short,2023-05-02 12:00,2023-05-03 12:00,2023-05-04 04:00,28520.3,29034.9,28538.36295582693341235567085,28712.16,428.7834880053059145849630513,29034.9,0.19,-97.774,2.79881571,0,-100.57281571,-1.028625357559269335406140692,止损,5,1,0.5323957944197504826159213907,-0.0004506355088256085224431509623,-0.01741000550655527222675626801,0.005125911808794601311778702821,true,0.8146132918771861640108822386,1.48231636222308589195491644,4
T0026,BTC-USDT-SWAP,4H,short,2023-05-20 08:00,2023-05-21 20:00,2023-05-22 12:00,26836.8,26817.4,26981.51269159375578394399072,27014.91,240.1860380046349601481080985,27125.1,0.34,6.596,4.65112656,0,1.94487344,0.01984119320152618799861255636,保本,8,1,0.4165344978647513828631368196,0.001887160774903000631156406421,0.0004752381434387752272946082949,0.002267044384008682612675740915,true,1.073534512660423170308706209,0.5116198404439819632327436698,4
T0027,BTC-USDT-SWAP,4H,short,2023-05-24 16:00,2023-05-26 04:00,2023-05-26 20:00,26468,26825.3,26524.4250602477389629042153,26879.764,297.7297458827113202684308631,26825.3,0.27,-96.471,3.67937316,0,-100.15037316,-1.038139680940386230058774139,止损,8,1,0.4696612253396662436345565834,-0.008696145955478253852141115965,-0.02022721520045308678474347571,-0.004868718341425914304902379351,true,0.3876294430450601735236495942,1.335012594458438287153652393,4
T0028,BTC-USDT-SWAP,4H,short,2023-06-02 12:00,2023-06-04 04:00,2023-06-05 04:00,27096.4,27425.6,27143.23781126601270297592096,27228.652,274.3199016802261885805750435,27425.6,0.3,-98.76,4.1813028,0,-102.9413028,-1.042338019441069258809234508,止损,9,1,0.6501147356147220149462277269,0.0009566077163209463316088964301,0.002609794891505193321489879023,0.005940213272401439483673301198,true,0.5558930741190765492102065614,1.16160388821385176184690158,6
T0029,BTC-USDT-SWAP,4H,short,2023-07-07 04:00,2023-07-08 04:00,2023-07-11 00:00,30238.5,30695,30362.36197661466240632411613,30588.992,380.4112089207038194084319249,30695,0.21,-95.865,3.27305475,0,-99.13805475,-1.03414233296823658269441402,止损,5,1,0.3182822978652615482701389768,-0.005204583334304607803774006295,-0.009443916396279436849690328132,-0.0001893491619468859908819486435,true,0.6319824753559693318729463308,1.325520262869660460021905805,17
T0030,BTC-USDT-SWAP,4H,short,2023-07-16 08:00,2023-07-17 00:00,2023-07-18 04:00,30374.2,30016,30429.39874942512838668623708,30493.838,280.1777793635590952289486101,30710.5,0.29,103.878,4.4549481,0,99.4230519,1.01944130240856378233719893,1R,3,1,0.04995580326791305742100152831,-0.004216271219628849697730939349,-0.01176462471647737783420421939,0.0007070936757780375169567044988,true,2.168302111210228962236098721,0.09872137972048765982753493904,7
T0031,BTC-USDT-SWAP,4H,short,2023-08-03 08:00,2023-08-04 08:00,2023-08-07 04:00,29196.6,29175.5,29242.9931625014181864985208,29281.956,259.2808299340142113103869022,29507.8,0.32,6.752,4.7624544,0,1.9895456,0.01997856683804627249357326478,保本,5,1,0.4202949979011945916244749489,-0.001485261842849903208191657428,-0.002356475939816073524104838929,0.0002666488536489843779561720535,true,1.274421593830334190231362468,0.4492287917737789203084832905,17
T0032,BTC-USDT-SWAP,4H,short,2023-08-15 08:00,2023-08-15 16:00,2023-08-17 00:00,29411,29201.4,29421.81202175849740175892634,29432.416,156.9196413949923380285470374,29599.4,0.53,111.088,7.90980162,0,103.17819838,1.033311284501061571125265393,1R,1,1,0.0499220722049352550327580347,0.0003942702108709634872940452127,0.00001972030387924619947930688609,0.002389066531269468330428599541,true,2.415074309978768577494692144,0.5169851380042462845010615711,8
T0033,BTC-USDT-SWAP,4H,short,2023-09-11 00:00,2023-09-11 08:00,2023-09-12 00:00,25838.2,25177.2,25854.54060008326336041668769,25857.874,178.4000964764798241697488612,26052.3,0.46,304.06,5.95218012,0,298.10781988,3.026905548808967772069126576,3R,1,1,0.7559964144793474750968390241,-0.001486476239535465439946667084,-0.00196864738037615551691138237,-0.0001647467227970868757423754173,true,4.241943017281644091546006539,0.3353573096683792620270901448,4
T0034,BTC-USDT-SWAP,4H,short,2023-10-10 08:00,2023-10-10 20:00,2023-10-12 08:00,27508,26926.3,27686.38455787227267993253132,27716.976,234.0324377322821528527047166,27788.9,0.35,203.595,4.8368838,0,198.7581162,2.021645895336418654325382698,2R,2,1,0.185706595313139181619145565,-0.003093664699498025070663646944,-0.006357894906224072051433616471,0.002799511750488220648601781089,true,3.477750088999644001423994304,0.4556781772872908508365966536,9
T0035,BTC-USDT-SWAP,4H,short,2023-11-17 00:00,2023-11-17 12:00,2023-11-20 04:00,36493.9,37263.5,36589.92349320831353554363753,36718.87,641.3009544822430723155629485,37263.5,0.12,-92.352,2.2666734,0,-94.6186734,-1.024543847453222453222453222,止损,2,1,0.2297804935484285315181162262,-0.004811743760244798561295637007,0.01126528126013274398881942461,0.00929396792439418751176166369,true,0.8208160083160083160083160083,1.329002079002079002079002079,16
T0036,BTC-USDT-SWAP,4H,short,2023-11-28 08:00,2023-11-28 20:00,2023-11-29 00:00,37249.9,37697.4,37256.10944852754747556698543,37298.61,372.8349545674165243368394332,37697.4,0.22,-98.45,4.21488078,0,-102.66488078,-1.0428124,止损,2,1,0.02091080251741215043204519996,-0.002971461306015309537449500513,-0.009203149417212619505636711308,0.002092571278125377862606676227,true,0.2366480446927374301675977654,2.570055865921787709497206704,1
T0037,BTC-USDT-SWAP,4H,short,2024-02-06 04:00,2024-02-06 12:00,2024-02-08 00:00,42854.9,43416,42864.74537762849528529168635,42902.996,467.5317985078084109104827806,43416,0.17,-95.387,3.74985915,0,-99.13685915,-1.039312056674389591873106398,止损,1,1,0.2401848452953547198663141959,-0.001003090104021704467584542431,-0.003322030695320931841879074222,0.003562548405710407730033585533,true,0.3496702905008019960791302798,1.563892354304045624665834967,9
T0038,BTC-USDT-SWAP,4H,short,2024-02-22 08:00,2024-02-22 20:00,2024-02-25 00:00,51640.6,51603.4,51673.77252491861602410227699,51786.324,739.8509826722027198171394436,52528.5,0.11,4.092,2.89556454,0,1.19643546,0.01224989976348687915305777678,保本,2,1,0.7474342518637161717642776326,-0.0008764311333435072138281982742,-0.004693504281679228744522567488,0.007621703367089735892433685774,true,1.247437774524158125915080527,0.5267485077148327514359725194,13
T0039,BTC-USDT-SWAP,4H,short,2024-03-16 04:00,2024-03-16 12:00,2024-03-21 00:00,69216.9,64526,69948.42276728238312265931638,70114.746,1933.685206749714619852708296,71537.4,0.04,187.636,1.3444758,0,186.2915242,2.007019222150398620986856281,2R,1,1,0.1881060751796689579410647493,-0.01504677491018132012449080279,-0.03527383117053980335490761133,0.007024142967015811481367984988,true,3.641801335918982977806507218,0.1218271924154277095453566042,27
T0040,BTC-USDT-SWAP,4H,short,2024-04-26 12:00,2024-04-27 00:00,2024-04-30 04:00,63497.7,63451.9,64526.59419654928951787604192,64852.972,965.8594683996012662908552571,64656.8,0.08,3.664,2.58938712,0,1.07461288,0.01158887153826244500043136917,保本,2,1,0.4593544834364766077085266947,-0.005950916167810806699759114914,-0.01581443052122525040943514405,0.006146549459599168408195695334,true,1.475368820636700888620481408,0.7784487964800276076266068501,19
T0041,BTC-USDT-SWAP,4H,short,2024-05-28 08:00,2024-05-28 20:00,2024-05-30 12:00,68402.4,68353.1,68747.76093005412605140123169,69041.054,975.60117878949635673563879,69573.2,0.08,3.944,2.78939808,0,1.15460192,0.01232706183805944653228561667,保本,2,1,0.2214458593069906527050784475,-0.003657068453141577178732654561,-0.002597767083270692931504058553,0.005628824843838565963955301146,true,1.089596856850017082336863683,0.4707892039631021523744448241,10
T0042,BTC-USDT-SWAP,4H,short,2024-06-10 04:00,2024-06-10 12:00,2024-06-12 00:00,69609.9,67087.3,69680.18838635560393820237817,69747.92,515.006093646277719409506553,70228,0.16,403.616,5.53486608,0,398.08113392,4.02525010030739362562692121,4R,1,1,0.1700793530971600564064227018,-0.001310698549108263277462604339,-0.007166648013249515478218583859,0.004906210823204476922035811247,true,5.985439249312408995308202556,0.9305937550558162109690988513,9
T0043,BTC-USDT-SWAP,4H,short,2024-07-31 12:00,2024-08-01 00:00,2024-08-02 04:00,66380,64010.6,66724.87600342677479354274968,66865.648,967.2986866622647094137284664,67540.8,0.08,189.552,2.64006528,0,186.91193472,2.012749124741557546519641626,2R,2,1,0.207454857714709272273661005,-0.007389061039349405322279628159,-0.01904131537970500842004767136,-0.003555428042812057994263362257,true,3.543418332184700206753962784,0.3962784286698828394210889042,7
T0044,BTC-USDT-SWAP,4H,short,2024-08-15 16:00,2024-08-16 04:00,2024-08-16 16:00,57044.2,58645.7,59088.89399069208769846951746,59486.22,1334.583300880113060621509661,58645.7,0.06,-96.09,1.78014492,0,-97.87014492,-1.018525808304714330315329379,止损,2,1,1.307531681722822911154792591,-0.01179134634881779147020591774,-0.01375513138705856622081474072,0.0102186355091986009532964105,true,0.6218545113955666562597564783,1.033655947549172650640024977,3
T0045,BTC-USDT-SWAP,4H,short,2024-08-28 12:00,2024-08-29 20:00,2024-09-02 00:00,60058.6,58716.2,60315.93122514784655708853934,61848.254,1082.509003256808667804667514,61357.7,0.07,93.968,2.11026354,0,91.85773646,1.010124992687245015780155492,1R,7,1,0.2686997805723693019828360481,-0.01408429957809333929214561841,-0.04346348883892405667436666924,-0.000774864234647594093763746346,true,2.238857670695096605342159957,0.8554383804172119159418058656,19
T0046,BTC-USDT-SWAP,4H,short,2024-11-03 12:00,2024-11-04 08:00,2024-11-05 12:00,68776.9,68727.3,69098.78602425314482656484753,69788.902,871.8672943105464933972714021,69823.2,0.09,4.464,3.15525267,0,1.30874733,0.01389815253751314154640160566,保本,4,1,0.3896073885471202478663260036,-0.008291313654098659369949310076,-0.0149253826800548999404774429,0.004525619273964218551539899567,true,1.878237599158941030297237886,0.7067762591990824811239606231,7
T0047,BTC-USDT-SWAP,4H,short,2024-12-10 20:00,2024-12-11 12:00,2024-12-11 20:00,97389.2,99673.7,97554.19915709485776511540733,98292.812,1903.680515639964193957985109,99673.7,0.04,-91.38,2.01963648,0,-93.39963648,-1.022101515430072225869993434,止损,3,1,0.09020712964229399585253901607,-0.008667271000046251561900968259,-0.02014526081068207356250818953,0.0007964366712796862500993460234,true,0.09945283431823156051652440359,1.502998467936091048369446268,2
T0048,BTC-USDT-SWAP,4H,short,2024-12-20 00:00,2024-12-21 20:00,2024-12-24 20:00,98262.7,95542.1,98728.17277143586259028523558,101960.128,2208.098526312723807167573264,100912.5,0.03,81.618,1.47403683,0,80.14396317,1.008176254434296928070043022,1R,10,1,0.4622056863349166298710080289,-0.006715413578222289897468788334,-0.03660433998919246474954781436,-0.006624569949539490574197788375,true,2.174730168314589780360781946,0.02336025360404558834629028606,18
T0049,BTC-USDT-SWAP,4H,short,2025-01-09 00:00,2025-01-10 16:00,2025-01-11 00:00,94498.1,94430,94682.41069496848389317127932,97180.262,1619.444141084522769214684236,96441.5,0.05,3.405,2.40847575,0,0.99652425,0.01025547236801481938870021612,保本,9,1,0.3227519269825218149203148002,-0.01230618672284948778112245939,-0.03171017763403917051686795402,-0.001060091811647924966491652389,true,1.171194813213954924359370176,0.6981578676546259133477410723,2
T0050,BTC-USDT-SWAP,4H,short,2025-01-27 08:00,2025-01-28 08:00,2025-01-30 04:00,102075.7,104340.9,102303.40825732623489779762,103992.218,1887.636142166335620533816127,104340.9,0.04,-90.608,2.11496316,0,-92.72296316,-1.023341903143210312555182765,止损,5,1,0.1407497024063745680595522973,-0.01840079454755304696976604491,-0.02454759336632370301082278489,-0.004513530041257510249468859295,true,0.7967508387780328447819177115,1.214197421861204308670316087,11
T0051,BTC-USDT-SWAP,4H,short,2025-02-17 12:00,2025-02-18 00:00,2025-02-18 20:00,95666.2,96696.8,96634.45255325613196699845311,96853.534,858.7961924258781263597037271,96696.8,0.09,-92.754,4.42447002,0,-97.17847002,-1.04770112361731030467688725,止损,2,1,0.4319861454317329746461525381,-0.006242734611903094783465472131,-0.006671073572678719416102822671,0.0001177035006280720742724782763,true,0.6251698039976712594605084417,1.06850378420337667378226276,5
T0052,BTC-USDT-SWAP,4H,short,2025-02-23 16:00,2025-02-24 12:00,2025-02-25 08:00,95439.3,92335.1,96248.51244640657430311213961,96489.442,843.1208010301183628450922621,96451.1,0.09,279.378,4.28008779,0,275.09791221,3.020995719509784542399683732,3R,4,1,0.2945370753145698802320306353,-0.004513418542203649251466996561,-0.006040254765366344108748588402,-0.002561772509784023831332758666,true,4.519865586084206364894247875,0.7320616722672464914014627397,5
T0053,BTC-USDT-SWAP,4H,short,2025-05-05 16:00,2025-05-06 08:00,2025-05-06 20:00,94694.1,94625.9,94893.04610671882407061635123,95247.202,912.0420775403771651703373164,95788.6,0.09,6.138,4.34424951,0,1.79375049,0.01820974052078574691640018273,保本,3,1,0.2707826377416527261632638539,-0.005944192511108884156932948181,-0.01243448966477445760413824707,0.0007612402094499321880342479772,true,1.239013248058474189127455459,0.1753312014618547281863864778,3
T0054,BTC-USDT-SWAP,4H,short,2025-05-17 16:00,2025-05-18 08:00,2025-05-18 20:00,103093,104229.6,103294.5523063837099754276927,103428.306,947.1138099233384127984283393,104229.6,0.08,-90.928,4.23892848,0,-95.16692848,-1.04661851662854126341720922,止损,3,1,0.1474886043984284540247779708,-0.002005168785245130165699859795,-0.0002856585151259438170044709126,0.003737255447266051133042824853,true,0.02903396093612528594052437093,2.263769136019707900756642618,3
T0055,BTC-USDT-SWAP,4H,short,2025-05-29 00:00,2025-05-29 12:00,2025-06-02 00:00,107990,104973.2,108427.0571884035124159874284,108892.894,1224.513931216383655049893991,109459.5,0.06,181.008,3.23933112,0,177.76866888,2.016203571282749234433480776,2R,2,1,0.02558661307968684076904636416,-0.006563283314968465846678367533,-0.006136467624302775239225131851,0.006411621312957299123669171654,true,3.380673698536917318815923784,0.5986389928547124872405580129,21
T0056,BTC-USDT-SWAP,4H,short,2025-06-14 00:00,2025-06-14 12:00,2025-06-16 12:00,105189.2,106674.6,106162.5366760103611344376777,106491.898,1237.764408821782758700576996,106674.6,0.06,-89.124,3.25087416,0,-92.37487416,-1.036475855661774606166689107,止损,2,1,0.005146188251239683818836911042,-0.007254560942461410064595845071,-0.02007479784192403340896007927,0.001753598193920818276710590697,true,0.6289215026255554059512589202,1.376598895920290830752659216,12
T0057,BTC-USDT-SWAP,4H,short,2025-07-19 20:00,2025-07-20 16:00,2025-07-21 08:00,118060,117974.9,118240.9606888877754145242237,118455.224,1109.441107978826407764690401,119391.4,0.07,5.957,4.21259748,0,1.74440252,0.01871716689199339041610334986,保本,4,1,0.01111231762299053374208114961,-0.001858204083434457424494650258,-0.004473999507826400014023814888,0.004083467015350880599406911763,true,1.17920985428871864203094487,0.660958389665014270692504131,4
T0058,BTC-USDT-SWAP,4H,short,2025-07-25 08:00,2025-07-26 16:00,2025-07-28 00:00,117342.9,118911.1,117407.4225802785322685312702,118137.956,1306.765677437546160055766125,118911.1,0.06,-94.092,3.62456586,0,-97.71656586,-1.038521509373804361688560133,止损,7,1,0.1435832726897664307128984194,-0.002610470237999242569090271108,-0.01055651536636075618473220831,-0.003024599477580262180937005546,true,0,1.468243846448157122815967351,8
T0059,BTC-USDT-SWAP,4H,short,2025-07-30 16:00,2025-07-31 00:00,2025-07-31 08:00,118003.1,117918.1,118106.0452660832916314006539,118191.034,1039.669260879385906278916639,119250.8,0.08,6.8,4.81207848,0,1.98792152,0.0199158603831049130399935882,保本,1,1,0.5875691903435467052692071016,-0.001273489732212264824508246934,-0.002234975987967556652204621063,0.0002546386048200576703644034454,true,1.828083673960086559269055061,0.4784002564719083112927787128,2
T0060,BTC-USDT-SWAP,4H,short,2025-08-16 08:00,2025-08-17 16:00,2025-08-19 00:00,117953.2,116696.2,118017.6690241998877041087729,118902.2,976.6085704407307371718514514,119125.2,0.08,100.56,4.77628896,0,95.78371104,1.021583948805460750853242321,1R,7,1,0.1375480274625876805837134317,-0.00298520087986977986884837917,-0.01142405182543453469954106552,0.001200902926943319804006990619,true,2.858361774744027303754266212,0.4995733788395904436860068259,8
T0061,BTC-USDT-SWAP,4H,short,2025-10-10 08:00,2025-10-11 00:00,2025-10-11 04:00,118971,103898.1,121452.0297660411504881240563,122203.444,1561.118663530447006394014557,120844.4,0.05,753.645,2.7624483,0,750.8825517,8.016254421906693711967545639,8R,3,1,0.8344613391074201563144375814,-0.006177043049888756082638253075,-0.01071964025767782245523308443,0.00791823837632595690183657999,true,9.335059250560478274794491299,0.2289954094160350165474538273,1
T0062,BTC-USDT-SWAP,4H,short,2025-10-22 08:00,2025-10-23 00:00,2025-10-24 00:00,108364.9,110518.5,109040.7644499016185783726679,109231.608,1794.619984915946200187107744,110518.5,0.04,-86.144,2.2416558,0,-88.3856558,-1.026022193072065378900445765,止损,3,1,0.0946761063343540832326632154,-0.008202039744741244433926622419,-0.003879426001687366470396035819,-0.009605022018901342182932984013,true,0.8165861812778603268945022288,1.332838038632986627043090639,6
T0063,BTC-USDT-SWAP,4H,short,2025-10-30 20:00,2025-10-31 16:00,2025-11-04 00:00,109401.3,107321.9,110163.9285991629637072806515,111673.476,1667.163221393498184262387704,111401.9,0.04,83.176,2.20184316,0,80.97415684,1.011873398480455863241027692,1R,4,1,0.03156332683409811623233952659,-0.01554984646191081980614737364,-0.02799983961887603615084570916,0.000656628616091434281135835693,true,2.075027491752474257722683195,0.8989303209037288813355993202,20
T0064,BTC-USDT-SWAP,4H,short,2025-11-13 16:00,2025-11-14 00:00,2025-11-17 12:00,101322.1,95633.1,102923.5264662659247935816591,103164.756,1559.934172811471568605504226,103194.1,0.05,284.45,2.48131155,0,281.96868845,3.012485987713675213675213675,3R,1,1,0.5261902232931948868589222523,-0.006115870756442066700500185504,-0.01311156862594417773599055683,-0.002472646763202735631924530505,true,4.489209401709401709401709402,0.08675213675213675213675213675,21
T0065,BTC-USDT-SWAP,4H,short,2025-12-11 20:00,2025-12-12 04:00,2025-12-12 04:00,90788,92519,91061.78597450943530566711642,91137.782,1442.449022180693927193729236,92519,0.05,-86.55,2.346252,0,-88.896252,-1.027108630849220103986135182,止损,1,1,0.4790308259632337509071465421,-0.008823648464905472281688764126,-0.003983007730472464399439070159,0.002792716636443928380877208532,true,0.02824956672443674176776429809,1.590294627383015597920277296,0
T0066,BTC-USDT-SWAP,4H,short,2025-12-13 20:00,2025-12-15 12:00,2025-12-16 12:00,89235.9,86580,89693.01937214109375497772701,90689.986,1079.763600688125583200097551,90531.7,0.07,185.913,3.11879295,0,182.79420705,2.015238319956783454236764933,2R,9,1,0.3189552875591605956649517478,-0.009200025137564137315393250004,-0.01276399213307707668548273897,-0.001224964352734600708836805863,true,3.200802592992745794104028399,0.5482327519678962802901682358,6
T0067,BTC-USDT-SWAP,4H,short,2025-12-24 20:00,2025-12-25 04:00,2025-12-26 08:00,87528.9,88776.2,87635.22592996003940777644058,87691.138,1039.379866195760408456909766,88776.2,0.08,-99.784,3.60710136,0,-103.39110136,-1.036149095646596648761324461,止损,1,1,0.04321786089788866975163918588,-0.004789495247798210017505444,-0.01006777688440933453878085094,-0.000318025294642658189702133869,true,0.5456586226248697185921590636,1.529704160987733504369437986,7
T0068,BTC-USDT-SWAP,4H,short,2026-01-10 00:00,2026-01-11 16:00,2026-01-12 08:00,90675.4,91571.9,90754.48993325304597383492246,91466.652,747.0104169763918218868941329,91571.9,0.11,-98.615,5.12239134,0,-103.73739134,-1.051943328499721137757947574,止损,9,1,0.07692188760941419330745134793,-0.00144992715700866494608364317,-0.004640838012081815268335947284,0.003580627396310515443377111912,true,0.5803680981595092024539877301,2.02967094255437813720022309,4
T0069,BTC-USDT-SWAP,4H,short,2026-02-17 20:00,2026-02-18 16:00,2026-02-18 20:00,68084.2,68035.1,68111.47587405556872326982999,68265.454,1073.536515065519229306573948,69372.5,0.07,3.437,2.42936862,0,1.00763138,0.01117343320655126911433672281,保本,4,1,0.1211603843338030638362304129,-0.005901819466245198802432007697,-0.009547318953784256356597408648,-0.00740585421141416564811830007,true,1.088876814406582317783125049,0.2738492587130326787238997128,1
T0070,BTC-USDT-SWAP,4H,short,2026-03-08 12:00,2026-03-09 12:00,2026-03-09 20:00,67168.1,68553.5,67646.29665385429088833409403,68619.642,1154.474839438765617442743319,68553.5,0.07,-96.978,2.43281325,0,-99.41081325,-1.025086238631442182763100909,止损,5,1,0.02025734862594038918995024953,-0.00953917146724500498713479072,-0.02420943038968922779269609882,0.004643422651490953566910185862,true,0.2417352389201674606611808864,1.654323661036523747654107117,2
T0071,BTC-USDT-SWAP,4H,short,2026-03-19 20:00,2026-03-20 20:00,2026-03-23 16:00,70445,69042.8,71067.6538702852476190543914,71804.388,1126.094403344638474610338402,71796.4,0.07,98.154,2.47955106,0,95.67444894,1.011379193429036554684031375,1R,5,1,0.3884272445782434571857501829,-0.008256636482050418146400352557,-0.02720969880251150790588927749,0.001123636065249939878326098957,true,2.321592422672783779783927779,0.7710522421192837057865916827,17
T0072,BTC-USDT-SWAP,4H,short,2026-04-05 12:00,2026-04-05 20:00,2026-04-05 20:00,66971.8,67716.4,67058.17652177190883170482721,67109,620.4633109575475992889643176,67716.4,0.13,-96.798,4.47507762,0,-101.27307762,-1.046231095890410958904109589,止损,1,1,0.08727269553637539873757499213,-0.00007934396882141904747729539276,-0.000001147345519188230035616742638,-0.001288769017568433444098407069,true,0.4320440504969110932044050497,1.174187483212463067418748321,0
T0073,BTC-USDT-SWAP,4H,short,2026-04-28 16:00,2026-04-30 00:00,2026-05-01 08:00,75892.4,76912.9,76877.67777461660707989541277,77436.924,850.3615045093380348438270293,76912.9,0.09,-91.845,3.51652536,0,-95.36152536,-1.038287608035276825085742283,止损,7,1,0.8784373369903872420425275379,-0.001859914586138007182649759681,-0.00978211293186448135933107728,0.003385697500071154685844701166,true,0.9790298873101420872121509064,1.503674669279764821166095051,8
T0074,BTC-USDT-SWAP,4H,short,2026-06-19 04:00,2026-06-20 08:00,2026-06-21 12:00,63510.4,64516.9,63549.39747059664532667568298,64442.304,838.7239843653580426765445964,64516.9,0.09,-90.585,2.94773796,0,-93.53273796,-1.032541126676602086438152012,止损,6,1,0.1515396419736511455116714716,-0.007633982389443779500298317703,-0.02416077913638635287641745801,0.002626349299987784421860521933,true,0.3580725285643318430203676105,1.042821659215101838052657725,7
