strategy_name,entry_time,entry_price,exit_time,exit_price,stop_loss_price,position_size_btc,notional_value,notional_to_equity,risk_amount,pnl_usdt,R_multiple,exit_reason,holding_bars,holding_days,entry_signal_bar_time,entry_bar_index,exit_bar_index,signal_bar_index,equity_before,equity_after,entry_fee,exit_fee
strategy_a_ema21_pullback,2019-12-30 16:00:00+00:00,7263.5470000000005,2020-01-03 16:00:00+00:00,7321.0639200000005,7984.130763201317,0.6938818573688986,5040.043483446292,0.05040043483446292,500.0,-43.9579460454073,-0.0879158920908146,close_above_ema21,5,5,2019-12-29 16:00:00+00:00,33,37,32,100000.0,99956.04205395459,2.016017393378517,2.0319813722904123
strategy_a_ema21_pullback,2020-02-17 16:00:00+00:00,9630.77346,2020-02-18 16:00:00+00:00,9829.76556,10917.419958353075,0.3884363039183633,3740.9420466774677,0.03742587211144445,499.78021026977297,-80.3194277726283,-0.16070950014061827,close_above_ema21,2,2,2020-02-16 16:00:00+00:00,82,83,81,99956.04205395459,99875.72262618196,1.4963768186709872,1.5272951210041683
strategy_a_ema21_pullback,2020-02-20 16:00:00+00:00,9575.28456,2020-02-21 16:00:00+00:00,9720.9438,10962.710331086628,0.3599317697117576,3446.4491171744685,0.03450737603245133,499.3786131309098,-55.20551827702009,-0.11054842323122921,close_above_ema21,2,2,2020-02-19 16:00:00+00:00,85,86,84,99875.72262618196,99820.51710790493,1.3785796468697875,1.3995506020810151
strategy_a_ema21_pullback,2020-02-25 16:00:00+00:00,9398.02002,2020-04-02 16:00:00+00:00,6801.36,10675.397363933456,0.390724469875618,3672.0363901949445,0.03678638917714193,499.1025855395247,1012.0468120934605,2.027733058123609,close_above_ema21,38,38,2020-02-24 16:00:00+00:00,90,127,89,99820.51710790493,100832.5639199984,1.468814556077978,1.0629831121732933
strategy_a_ema21_pullback,2020-04-10 16:00:00+00:00,6763.84696,2020-04-11 16:00:00+00:00,6831.56604,7974.020431313361,0.4166037609904313,2817.844082299695,0.027945774388276008,504.162819599992,-30.477583494019115,-0.06045186655810983,close_above_ema21,2,2,2020-04-09 16:00:00+00:00,135,136,134,100832.5639199984,100802.08633650438,1.1271376329198781,1.1384224422874027
strategy_a_ema21_pullback,2020-04-15 16:00:00+00:00,6701.75938,2020-04-16 16:00:00+00:00,7046.20896,7912.81020594773,0.4161761181972686,2789.1122038605336,0.027669191236277885,504.01043168252187,-145.6403195578154,-0.288962907120055,close_above_ema21,2,2,2020-04-14 16:00:00+00:00,140,141,139,100802.08633650438,100656.44601694656,1.1156448815442135,1.1729855571918453
strategy_a_ema21_pullback,2020-04-21 16:00:00+00:00,6825.73458,2020-04-22 16:00:00+00:00,7114.9227,7711.479433667673,0.5682022627630889,3878.3978333762625,0.038531042837766136,503.2822300847328,-167.48578935256387,-0.33278701162241686,close_above_ema21,2,2,2020-04-20 16:00:00+00:00,146,147,145,100656.44601694656,100488.960227594,1.551359133350505,1.6170860710097865
strategy_a_ema21_pullback,2020-05-21 16:00:00+00:00,9085.08262,2020-05-22 16:00:00+00:00,9224.54454,10554.616394530747,0.3419076239322304,3106.2590118322023,0.030911445444324857,502.44480113797,-50.18717414317158,-0.09988594573872468,close_above_ema21,2,2,2020-05-20 16:00:00+00:00,176,177,175,100488.960227594,100438.77305345083,1.242503604732881,1.261576842211372
strategy_a_ema21_pullback,2020-05-24 16:00:00+00:00,9051.989239999999,2020-05-27 16:00:00+00:00,9149.529540000001,10497.241807137045,0.34747827243930696,3145.369583254395,0.03131628839771383,502.1938652672542,-36.422987857790964,-0.072527743520737,close_above_ema21,4,4,2020-05-23 16:00:00+00:00,179,182,178,100438.77305345083,100402.35006559304,1.258147833301758,1.2717050872766429
strategy_a_ema21_pullback,2020-06-12 16:00:00+00:00,9421.815260000001,2020-06-22 16:00:00+00:00,9495.198659999998,10433.131503500214,0.4963944300849745,4676.936616353617,0.04658194368257482,502.0117503279652,-40.1832311581874,-0.08004440360596264,close_above_ema21,11,11,2020-06-11 16:00:00+00:00,198,208,197,100402.35006559304,100362.16683443486,1.8707746465414468,1.8853454909497251
strategy_a_ema21_pullback,2020-06-24 16:00:00+00:00,9244.1508,2020-07-06 16:00:00+00:00,9307.76118,10138.878713898948,0.5608529994168139,5184.609703241339,0.05165900524840471,501.8108341721743,-39.83803060860323,-0.07938854224684708,close_above_ema21,13,13,2020-06-23 16:00:00+00:00,210,222,209,100362.16683443486,100322.32880382625,2.073843881296536,2.0881143102633533
strategy_a_ema21_pullback,2020-07-09 16:00:00+00:00,9205.95844,2020-07-13 16:00:00+00:00,9292.05804,9746.41426769509,0.9281269963511732,8544.298555450932,0.08516846306627061,501.6116440191313,-86.77876652465181,-0.17299990452642305,close_above_ema21,5,5,2020-07-08 16:00:00+00:00,225,229,224,100322.32880382625,100235.5500373016,3.4177194221803733,3.449683967434388
strategy_a_ema21_pullback,2020-07-16 16:00:00+00:00,9120.57552,2020-07-21 16:00:00+00:00,9340.16766,9699.28117333817,0.8660322346870915,7898.712399217981,0.07880150701301643,501.177750186508,-196.5689111919836,-0.3922139622495862,close_above_ema21,6,6,2020-07-15 16:00:00+00:00,232,237,231,100235.5500373016,100038.98112610962,3.159484959687193,3.2355545083767603
strategy_a_ema21_pullback,2020-08-25 16:00:00+00:00,11422.814980000001,2020-08-28 16:00:00+00:00,11529.605459999999,12884.68355298234,0.3421613371235602,3908.4456472718343,0.03906922684813062,500.1949056305481,-39.68094577605509,-0.07933096744764544,close_above_ema21,4,4,2020-08-24 16:00:00+00:00,272,275,271,100038.98112610962,99999.30018033356,1.5633782589087337,1.57799408828028
strategy_a_ema21_pullback,2020-09-02 16:00:00+00:00,11331.833180000001,2020-09-15 16:00:00+00:00,10787.85714,12465.261514720994,0.4411364049979816,4998.884151062047,0.04998919134481259,499.99650090166784,236.06451442366546,0.47213233292224827,close_above_ema21,14,14,2020-09-01 16:00:00+00:00,280,293,279,99999.30018033356,100235.36469475723,1.9995536604248187,1.9035666065485632
strategy_a_ema21_pullback,2020-09-21 16:00:00+00:00,10416.4163,2020-09-26 16:00:00+00:00,10724.84454,11603.493432693467,0.42219398358438665,4397.748292370337,0.04387421850324609,501.17682347378616,-133.78683254833544,-0.2669453699415394,close_above_ema21,6,6,2020-09-20 16:00:00+00:00,299,304,298,100235.36469475723,100101.5778622089,1.759099316948135,1.8111859358663436
strategy_a_ema21_pullback,2020-10-02 16:00:00+00:00,10506.79822,2020-10-05 16:00:00+00:00,10721.24382,11288.589936672555,0.6402061810545852,6726.5171635373135,0.06719691444620833,500.5078893110445,-142.7255281102364,-0.28516139537120966,close_above_ema21,4,4,2020-10-01 16:00:00+00:00,310,313,309,100101.5778622089,99958.85233409866,2.6906068654149253,2.745522624862909
strategy_a_ema21_pullback,2020-11-26 16:00:00+00:00,16906.31806,2020-11-28 16:00:00+00:00,17516.40258,20502.853570313426,0.13896547392269126,2349.3945014956544,0.023503616204427074,499.7942616704933,-86.69411232967606,-0.17345959923571944,close_above_ema21,3,3,2020-11-25 16:00:00+00:00,365,367,364,99958.85233409866,99872.15822176899,0.9397578005982617,0.9736700743801409
strategy_a_ema21_pullback,2021-01-21 16:00:00+00:00,31409.91676,2021-01-25 16:00:00+00:00,34469.99262,43763.51377811188,0.04042229889616125,1269.6610435762648,0.012712862785611843,499.3607911088449,-124.76050801313173,-0.24984041645740238,close_above_ema21,5,5,2021-01-20 16:00:00+00:00,421,425,420,99872.15822176899,99747.39771375585,0.5078644174305059,0.5573425378536451
strategy_a_ema21_pullback,2021-02-26 16:00:00+00:00,47606.9767,2021-03-01 16:00:00+00:00,49195.737180000004,63163.11082741932,0.032060471096716954,1526.3021004924274,0.01530167338172011,498.7369885687793,-52.177825692819695,-0.10461992370478455,close_above_ema21,4,4,2021-02-25 16:00:00+00:00,457,460,456,99747.39771375585,99695.21988806303,0.610520840196971,0.6308954039764295
strategy_a_ema21_pullback,2021-03-05 16:00:00+00:00,47852.9275,2021-03-07 16:00:00+00:00,50619.821939999994,57204.029332621416,0.05330666999062891,2550.880214327991,0.025586785577002568,498.4760994403152,-149.59363055497298,-0.30010191205342734,close_above_ema21,3,3,2021-03-04 16:00:00+00:00,464,466,463,99695.21988806303,99545.62625750806,1.0203520857311963,1.0793496572559906
strategy_a_ema21_pullback,2021-03-25 16:00:00+00:00,50986.8006,2021-03-27 16:00:00+00:00,54962.09022,64095.65898896379,0.03796883882021126,1935.9096139396509,0.01944746029254739,497.7281312875403,-152.5462333889286,-0.306485054389666,close_above_ema21,3,3,2021-03-24 16:00:00+00:00,484,486,483,99545.62625750806,99393.08002411913,0.7743638455758604,0.8347386979140358
strategy_a_ema21_pullback,2021-04-07 16:00:00+00:00,56452.707200000004,2021-04-08 16:00:00+00:00,57835.86486,63432.96635057013,0.07119583806283251,4019.1978000196996,0.04043740066254496,496.9654001205957,-101.72981704425258,-0.20470201148725123,close_above_ema21,2,2,2021-04-06 16:00:00+00:00,497,498,496,99393.08002411913,99291.35020707488,1.60767912000788,1.6470691475185704
strategy_a_ema21_pullback,2021-04-18 16:00:00+00:00,55437.51028,2021-04-30 16:00:00+00:00,57136.525019999994,68470.7560746057,0.03809156666414224,2111.7016185246907,0.021267729909208385,496.4567510353744,-66.43338178018256,-0.13381504358966595,close_above_ema21,13,13,2021-04-17 16:00:00+00:00,508,520,507,99291.35020707488,99224.9168252947,0.8446806474098764,0.8705679007027044
strategy_a_ema21_pullback,2021-05-04 16:00:00+00:00,53796.238600000004,2021-05-05 16:00:00+00:00,57578.513399999996,62461.03451800069,0.057257503675972224,3080.2383293929793,0.031042992304204747,496.1245841264735,-219.11442937335684,-0.4416520293166919,close_above_ema21,2,2,2021-05-03 16:00:00+00:00,524,525,523,99224.9168252947,99005.80239592135,1.2320953317571917,1.3187207770630063
strategy_a_ema21_pullback,2021-05-11 16:00:00+00:00,56001.597440000005,2021-06-14 16:00:00+00:00,40698.138,63083.35757387738,0.0699019738908568,3914.622202097153,0.03953932100305285,495.02901197960676,1067.0382212618747,2.1555064358648792,close_above_ema21,35,35,2021-05-10 16:00:00+00:00,531,565,530,99005.80239592135,100072.84061718322,1.5658488808388613,1.137952071952995
strategy_a_ema21_pullback,2021-06-18 16:00:00+00:00,36371.02434,2021-06-29 16:00:00+00:00,36253.749299999996,44553.824208810904,0.06114828800751637,2224.0258714707084,0.022224070564544635,500.3642030859161,5.394815692005713,0.010781777870467253,close_above_ema21,12,12,2021-06-17 16:00:00+00:00,569,580,568,100072.84061718322,100078.23543287523,0.8896103485882834,0.8867418814194781
strategy_a_ema21_pullback,2021-07-01 16:00:00+00:00,33428.912879999996,2021-07-04 16:00:00+00:00,35519.50248,39638.371638705634,0.0805853129248712,2693.879405173057,0.0269177348453541,500.39117716437613,-170.69330896446567,-0.34111974142260654,close_above_ema21,4,4,2021-06-30 16:00:00+00:00,582,585,581,100078.23543287523,99907.54212391077,1.0775517620692228,1.1449400889146157
strategy_a_ema21_pullback,2021-07-05 16:00:00+00:00,33570.98446,2021-07-24 16:00:00+00:00,33859.67058,39341.02179230195,0.08657443303235329,2906.388945962443,0.029090786182666584,499.5377106195538,-27.327945454945056,-0.05470647135138497,close_above_ema21,20,20,2021-07-04 16:00:00+00:00,586,605,585,99907.54212391077,99880.21417845582,1.1625555783849773,1.1725527132503013
strategy_a_ema21_pullback,2021-09-07 16:00:00+00:00,46628.572420000004,2021-09-15 16:00:00+00:00,48285.6552,55644.590005774044,0.05539042777381681,2582.7765728261966,0.025858740833410245,499.4010708922791,-93.88945990870269,-0.1880041220995993,close_above_ema21,9,9,2021-09-06 16:00:00+00:00,650,658,649,99880.21417845582,99786.32471854711,1.0331106291304786,1.0698252387468088
strategy_a_ema21_pullback,2021-09-20 16:00:00+00:00,43827.93266,2021-10-01 16:00:00+00:00,47373.472799999996,51374.72165801149,0.06611177597839284,2897.5424656140067,0.02903747055307114,498.93162359273555,-236.81375021275383,-0.47464169239763104,close_above_ema21,12,12,2021-09-19 16:00:00+00:00,663,674,662,99786.32471854711,99549.51096833436,1.1590169862456028,1.2527777684288346
strategy_a_ema21_pullback,2021-11-16 16:00:00+00:00,60687.86,2021-12-01 16:00:00+00:00,58629.32352,72420.71313048796,0.042423402842081855,2574.5855324038657,0.025862362430115943,497.74755484167184,85.30538597918066,0.171382832822384,close_above_ema21,16,16,2021-11-15 16:00:00+00:00,720,735,719,99549.51096833436,99634.81635431355,1.0298342129615463,0.9949021640190818
strategy_a_ema21_pullback,2021-12-28 16:00:00+00:00,48932.611520000006,2022-02-04 16:00:00+00:00,39501.29868,54716.447038730636,0.08613213155150395,4214.670132599278,0.04230117831111765,498.1740817715677,809.2922777634847,1.6245170260274133,close_above_ema21,39,39,2021-12-27 16:00:00+00:00,762,800,761,99634.81635431355,100444.10863207703,1.6858680530397112,1.3609324217444039
strategy_a_ema21_pullback,2022-02-18 16:00:00+00:00,39827.83284,2022-02-28 16:00:00+00:00,40830.46446,48102.155215389415,0.06069627461629439,2417.401079428508,0.024067126607528144,502.22054316038515,-62.81426741170154,-0.12507307450313054,close_above_ema21,11,11,2022-02-17 16:00:00+00:00,814,824,813,100444.10863207703,100381.29436466533,0.9669604317714033,0.9913028334300035
strategy_a_ema21_pullback,2022-03-04 16:00:00+00:00,40691.46008,2022-03-09 16:00:00+00:00,42536.0055,47901.11237013654,0.06961590540364616,2832.772835665524,0.028220126604211956,501.9064718233267,-130.72728161976994,-0.26046143845259384,close_above_ema21,6,6,2022-03-03 16:00:00+00:00,828,833,827,100381.29436466533,100250.56708304556,1.1331091342662096,1.1844730140547892
strategy_a_ema21_pullback,2022-04-06 16:00:00+00:00,44169.864259999995,2022-04-21 16:00:00+00:00,42161.73066,50067.070446695776,0.08499835677207024,3754.3658809453937,0.03744982188315556,501.2528354152278,167.75283869649647,0.3346671117731102,close_above_ema21,16,16,2022-04-05 16:00:00+00:00,861,876,860,100250.56708304556,100418.31992174206,1.5017463523781576,1.4334711299066452
strategy_a_ema21_pullback,2022-04-22 16:00:00+00:00,39429.21258,2022-05-31 16:00:00+00:00,32059.11054,44791.05455845543,0.0936416256999328,3692.2155660594417,0.036768346342946755,502.09159960871034,687.4706234817834,1.3692135538964254,close_above_ema21,40,40,2022-04-21 16:00:00+00:00,877,916,876,100418.31992174206,101105.79054522385,1.4768862264237768,1.2008268917837803
strategy_a_ema21_pullback,2022-06-10 16:00:00+00:00,29446.609500000002,2022-07-08 16:00:00+00:00,21959.791080000003,33989.59232137815,0.11127687966312039,3276.7268218183976,0.032408893735445775,505.52895272611926,830.8216548414712,1.643469974095798,close_above_ema21,29,29,2022-06-09 16:00:00+00:00,926,954,925,101105.79054522385,101936.61220006531,1.310690728727359,0.9774468117745699
strategy_a_ema21_pullback,2022-07-10 16:00:00+00:00,20899.3193,2022-07-16 16:00:00+00:00,20948.288819999998,23914.290978782574,0.16905069609348145,3533.044475544931,0.034659229881122806,509.6830610003266,-11.108078356376739,-0.02179408971248825,close_above_ema21,7,7,2022-07-09 16:00:00+00:00,956,962,955,101936.61220006531,101925.50412170893,1.4132177902179726,1.416529122795318
strategy_a_ema21_pullback,2022-07-26 16:00:00+00:00,20744.15034,2022-07-28 16:00:00+00:00,23747.64858,25606.296420695075,0.1048153453537723,2174.305281957673,0.021332298532086156,509.62752060854467,-316.6780746027315,-0.6213912353567311,close_above_ema21,3,3,2022-07-25 16:00:00+00:00,972,974,971,101925.50412170893,101608.8260471062,0.8697221127830692,0.9956471949010882
strategy_a_ema21_pullback,2022-08-17 16:00:00+00:00,23392.52056,2022-09-09 16:00:00+00:00,21269.052959999997,26310.218251471968,0.1741250067546322,4073.2228005178727,0.04008729319074617,508.044130235531,366.6381314769062,0.7216659137601521,close_above_ema21,24,24,2022-08-16 16:00:00+00:00,994,1017,993,101608.8260471062,101975.4641785831,1.629289120207149,1.4813895961298518
strategy_a_ema21_pullback,2022-09-13 16:00:00+00:00,20828.8334,2022-09-27 16:00:00+00:00,19896.078419999998,23788.25388581984,0.17228958282069395,3588.5910171277364,0.03519072990776748,509.8773208929155,157.89737515097406,0.3096771883763304,close_above_ema21,15,15,2022-09-12 16:00:00+00:00,1021,1035,1020,101975.4641785831,102133.36155373408,1.4354364068510947,1.3711548202998445
strategy_a_ema21_pullback,2022-10-07 16:00:00+00:00,19575.984020000004,2022-10-17 16:00:00+00:00,19540.4073,21363.111596986535,0.2857472596499019,5593.7837886652715,0.05476940838496036,510.6668077686704,5.69498959649988,0.011152065319036132,close_above_ema21,11,11,2022-10-06 16:00:00+00:00,1045,1055,1044,102133.36155373408,102139.05654333057,2.2375135154661088,2.2334471353671757
strategy_a_ema21_pullback,2022-10-19 16:00:00+00:00,19264.6463,2022-10-25 16:00:00+00:00,19753.849980000003,20609.837552470806,0.37964511126475403,7313.7287880396325,0.07160560353264003,510.6952827166529,-191.6490580693696,-0.37527086024740414,close_above_ema21,7,7,2022-10-18 16:00:00+00:00,1057,1063,1056,102139.05654333057,101947.40748526121,2.925491515215853,2.999781029425744
strategy_a_ema21_pullback,2022-11-08 16:00:00+00:00,19521.294960000003,2022-12-04 16:00:00+00:00,17035.30638,22185.969910016673,0.19129426552500042,3734.311781470093,0.036629786608452716,509.7370374263061,472.7581322332687,0.9274549375894949,close_above_ema21,27,27,2022-11-07 16:00:00+00:00,1077,1103,1076,101947.40748526121,102420.16561749448,1.4937247125880373,1.3035025687821817
strategy_a_ema21_pullback,2022-12-07 16:00:00+00:00,16833.6326,2022-12-09 16:00:00+00:00,17185.536419999997,17990.631461252422,0.4426113501383542,7450.756852819014,0.07274697134004969,512.1008280874725,-161.77953302125337,-0.3159134376436112,close_above_ema21,3,3,2022-12-06 16:00:00+00:00,1106,1108,1105,102420.16561749448,102258.38608447323,2.980302741127606,3.0426053910832227
strategy_a_ema21_pullback,2022-12-12 16:00:00+00:00,17006.598,2022-12-12 16:00:00+00:00,17908.98618983579,17905.405108814026,0.5688561265353317,9674.30746382352,0.09460649472632791,511.29193042236614,-521.2738278923946,-1.019522892649181,stop_loss,1,1,2022-12-11 16:00:00+00:00,1111,1111,1110,102258.38608447323,101737.11225658083,3.8697229855294077,4.075054605649894
strategy_a_ema21_pullback,2022-12-16 16:00:00+00:00,16966.606,2023-01-04 16:00:00+00:00,16857.77088,18939.354173074695,0.2578563083853094,4374.94638898804,0.04300246283730201,508.6855612829042,24.575090683587998,0.04831096566139927,close_above_ema21,20,20,2022-12-15 16:00:00+00:00,1115,1134,1114,101737.11225658083,101761.68734726442,1.749978555595216,1.7387530266888673
strategy_a_ema21_pullback,2023-02-10 16:00:00+00:00,21657.1677,2023-02-15 16:00:00+00:00,22814.46198,25042.164992612717,0.15031280463553856,3255.349617449196,0.03198993356252271,508.8084367363221,-176.63001116903155,-0.3471444229620073,close_above_ema21,6,6,2023-02-09 16:00:00+00:00,1171,1176,1170,101761.68734726442,101585.05733609539,1.3021398469796786,1.371722306585865
strategy_a_ema21_pullback,2023-02-24 16:00:00+00:00,23341.63074,2023-02-27 16:00:00+00:00,23563.81182,26291.223985147688,0.1722018069834049,4019.4709913673905,0.039567541691382054,507.9252866804769,-41.4908642399995,-0.08168694358802492,close_above_ema21,4,4,2023-02-23 16:00:00+00:00,1185,1188,1184,101585.05733609539,101543.56647185539,1.6077883965469564,1.6230923899283658
strategy_a_ema21_pullback,2023-03-03 16:00:00+00:00,22333.73236,2023-03-13 16:00:00+00:00,24021.90342,25672.819940529134,0.15205286477655697,3395.907986490895,0.033442866982933195,507.71783235927694,-259.5106487934314,-0.5111316409501127,close_above_ema21,11,11,2023-03-02 16:00:00+00:00,1192,1202,1191,101543.56647185539,101284.05582306196,1.3583631945963581,1.4610396929587086
strategy_a_ema21_pullback,2023-04-20 16:00:00+00:00,28504.89788,2023-04-26 16:00:00+00:00,29822.063219999996,32112.120991499876,0.14039061723153057,4001.820207494947,0.03951086056907043,506.4202791153098,-188.19307830660563,-0.37161442001368755,close_above_ema21,7,7,2023-04-19 16:00:00+00:00,1240,1246,1239,101284.05582306196,101095.86274475536,1.6007280829979789,1.6746951450294103
strategy_a_ema21_pullback,2023-05-01 16:00:00+00:00,28166.565560000003,2023-05-04 16:00:00+00:00,28877.17428,31255.519723868518,0.163640924050077,4609.202815555474,0.045592398050874644,505.4793137237768,-120.01854369831779,-0.23743512432618138,close_above_ema21,4,4,2023-04-30 16:00:00+00:00,1251,1254,1250,101095.86274475536,100975.84420105704,1.84368112622219,1.8901949932537268
strategy_a_ema21_pullback,2023-05-06 16:00:00+00:00,28566.38558,2023-05-07 16:00:00+00:00,28951.289099999998,31124.780288782786,0.19734219245844697,5637.353160970564,0.05582873018368437,504.8792210052852,-80.49797013235882,-0.15944005374607434,close_above_ema21,2,2,2023-05-05 16:00:00+00:00,1256,1257,1255,100975.84420105704,100895.34623092468,2.2549412643882256,2.2853243461969353
strategy_a_ema21_pullback,2023-05-08 16:00:00+00:00,27884.72194,2023-05-28 16:00:00+00:00,27277.4544,31112.25392247087,0.15630417727678594,4358.498521423642,0.043198211654362224,504.47673115462345,91.46962179074954,0.18131583905049103,close_above_ema21,21,21,2023-05-07 16:00:00+00:00,1258,1278,1257,100895.34623092468,100986.81585271543,1.7433994085694569,1.7054320272788182
strategy_a_ema21_pullback,2023-05-31 16:00:00+00:00,26904.618000000002,2023-06-03 16:00:00+00:00,27303.4596,29310.468916827216,0.20987754300647762,5646.675121367853,0.05591497339220266,504.9340792635772,-88.25871831188853,-0.1747925559720781,close_above_ema21,4,4,2023-05-30 16:00:00+00:00,1281,1284,1280,100986.81585271543,100898.55713440354,2.2586700485471414,2.2921532065698496
strategy_a_ema21_pullback,2023-06-05 16:00:00+00:00,25966.90558,2023-06-17 16:00:00+00:00,26423.2836,29287.947464664143,0.15190798646703516,3944.5803414374195,0.03909451684411084,504.4927856720177,-72.51086134559667,-0.1437302245046129,close_above_ema21,13,13,2023-06-04 16:00:00+00:00,1286,1298,1285,100898.55713440354,100826.04627305795,1.577832136574968,1.6055631230093728
strategy_a_ema21_pullback,2023-07-18 16:00:00+00:00,29900.0188,2023-08-08 16:00:00+00:00,29542.00722,32691.83008673757,0.18057460895016375,5399.184202412544,0.053549498388446456,504.1302313652897,60.35431281662387,0.11971968563196818,close_above_ema21,22,22,2023-07-17 16:00:00+00:00,1329,1350,1328,100826.04627305795,100886.40058587457,2.159673680965018,2.1338145605417655
strategy_a_ema21_pullback,2023-08-31 16:00:00+00:00,26914.016120000004,2023-09-13 16:00:00+00:00,26249.34882,28938.062469553013,0.24921959076716385,6707.5000833272525,0.06648567145199936,504.43200292937286,160.34837168065602,0.31787906149782275,close_above_ema21,14,14,2023-08-30 16:00:00+00:00,1373,1386,1372,100886.40058587457,101046.74895755522,2.683000033330901,2.6167407883299743
strategy_a_ema21_pullback,2023-09-25 16:00:00+00:00,26238.55124,2023-09-28 16:00:00+00:00,27033.70566,28124.750486661997,0.26785809912812103,7028.208459022203,0.06955402852173313,505.2337447877761,-218.69631364232288,-0.4328616524499694,close_above_ema21,4,4,2023-09-24 16:00:00+00:00,1398,1401,1397,101046.74895755522,100828.05264391289,2.8112833836088815,2.8964788041906906
strategy_a_ema21_pullback,2023-10-11 16:00:00+00:00,26774.74398,2023-10-15 16:00:00+00:00,29278.752072577412,29272.897493078795,0.20180515752142372,5403.281426479692,0.05358906856569043,504.1402632195645,-509.8465013977113,-1.0113187511382355,stop_loss,5,5,2023-10-10 16:00:00+00:00,1414,1418,1413,100828.05264391289,100318.20614251518,2.1613125705918765,2.3634412696148788
strategy_a_ema21_pullback,2023-12-29 16:00:00+00:00,42263.84554,2023-12-31 16:00:00+00:00,42478.39398,45867.32193354504,0.1391964247666735,5882.976196058919,0.05864315583655254,501.5910307125759,-34.582702494429014,-0.06894601453558638,close_above_ema21,3,3,2023-12-28 16:00:00+00:00,1493,1495,1492,100318.20614251518,100283.62344002075,2.353190478423568,2.3651362287384745
strategy_a_ema21_pullback,2024-01-13 16:00:00+00:00,43148.668540000006,2024-01-28 16:00:00+00:00,42273.052919999995,51315.132289302244,0.06139966239891116,2649.3136813185192,0.026418208581215293,501.4181172001037,51.664557515542846,0.10303687829238285,close_above_ema21,16,16,2024-01-12 16:00:00+00:00,1508,1523,1507,100283.62344002075,100335.28799753629,1.0597254725274077,1.0382204711437222
strategy_a_ema21_pullback,2024-03-19 16:00:00+00:00,64041.28918,2024-03-21 16:00:00+00:00,66590.8155,77463.05507810123,0.03737782671791746,2393.724209762082,0.023857251596475802,501.6764399876815,-97.24885067074003,-0.19384775309186922,close_above_ema21,3,3,2024-03-18 16:00:00+00:00,1574,1576,1573,100335.28799753629,100238.03914686554,0.9574896839048328,0.9956079851055247
strategy_a_ema21_pullback,2024-04-02 16:00:00+00:00,64876.62208,2024-04-04 16:00:00+00:00,67663.53,75271.31262667793,0.04821598040689193,3128.089939074612,0.031206615429611863,501.19019573432774,-136.92971901685814,-0.2732090934385361,close_above_ema21,3,3,2024-04-01 16:00:00+00:00,1588,1590,1587,100238.03914686554,100101.10942784869,1.251235975629845,1.3049853746964577
strategy_a_ema21_pullback,2024-04-13 16:00:00+00:00,67657.4658,2024-04-22 16:00:00+00:00,66009.89933999999,75981.80730776212,0.060125542263317996,4067.9418193868923,0.040638329011917704,500.50554713924345,95.84609769757563,0.1914985722843761,close_above_ema21,10,10,2024-04-12 16:00:00+00:00,1599,1608,1598,100101.10942784869,100196.95552554626,1.627176727754757,1.5875523970258145
strategy_a_ema21_pullback,2024-04-24 16:00:00+00:00,64610.97522,2024-05-04 16:00:00+00:00,63627.823019999996,70510.61146861028,0.08491790959921357,5486.628952848988,0.05475843975568813,500.9847776277313,79.13132137144584,0.15795154844055212,close_above_ema21,11,11,2024-04-23 16:00:00+00:00,1610,1620,1609,100196.95552554626,100276.08684691771,2.1946515811395955,2.161256689282848
strategy_a_ema21_pullback,2024-05-08 16:00:00+00:00,62268.64378,2024-05-13 16:00:00+00:00,63031.303739999996,68357.1620111998,0.0823485148923971,5127.7303396467,0.051136123286050585,501.38043423458856,-66.93122091164166,-0.13349388277151142,close_above_ema21,6,6,2024-05-07 16:00:00+00:00,1624,1629,1623,100276.08684691771,100209.15562600606,2.05109213585868,2.076213701888238
strategy_a_ema21_pullback,2024-06-11 16:00:00+00:00,66216.15411999999,2024-06-12 16:00:00+00:00,69754.54812,74143.55886261942,0.06320426348818808,4185.14325217495,0.04176408059753006,501.0457781300303,-227.07915793744507,-0.4532104008239223,close_above_ema21,2,2,2024-06-10 16:00:00+00:00,1658,1659,1657,100209.15562600606,99982.07646806861,1.6740573008699802,1.76351393555039
strategy_a_ema21_pullback,2024-08-01 16:00:00+00:00,62894.21864000001,2024-08-22 16:00:00+00:00,60418.38126,72586.42419252777,0.05157859886803209,3243.995674350867,0.03244577217184427,499.91038234034306,125.15610663525327,0.2503570861027767,close_above_ema21,22,22,2024-07-31 16:00:00+00:00,1709,1730,1708,99982.07646806861,100107.23257470387,1.2975982697403468,1.246518180506147
strategy_a_ema21_pullback,2024-08-28 16:00:00+00:00,58991.999240000005,2024-09-13 16:00:00+00:00,59670.33168,67812.2451961189,0.056748549344735735,3347.710379815753,0.03344124389131987,500.53616287351934,-41.18794800010489,-0.08228765682713056,close_above_ema21,17,17,2024-08-27 16:00:00+00:00,1736,1752,1735,100107.23257470387,100066.04462670376,1.3390841519263013,1.3544819047036913
strategy_a_ema21_pullback,2024-09-16 16:00:00+00:00,57876.222440000005,2024-09-17 16:00:00+00:00,61152.12798,62967.29135842946,0.09827606562589335,5687.847434692241,0.05684093396427078,500.3302231335188,-326.6221630241539,-0.6528131780218104,close_above_ema21,2,2,2024-09-15 16:00:00+00:00,1755,1756,1754,100066.04462670376,99739.42246367961,2.2751389738768966,2.4039162170102033
strategy_a_ema21_pullback,2024-10-08 16:00:00+00:00,62268.843740000004,2024-10-11 16:00:00+00:00,62266.75086,68100.55853797,0.08551466071214468,5324.899045363654,0.05338810786981177,498.69711231839807,-4.080875724410122,-0.008183074703277301,close_above_ema21,4,4,2024-10-07 16:00:00+00:00,1777,1780,1776,99739.42246367961,99735.3415879552,2.129959618145462,2.1298880293762172
strategy_a_ema21_pullback,2024-12-20 16:00:00+00:00,96958.1045,2024-12-25 16:00:00+00:00,98546.2053,112919.2834381795,0.031243099890756205,3029.271744111879,0.030373102411650203,498.676707939776,-52.06045620305175,-0.10439720840007423,close_above_ema21,6,6,2024-12-19 16:00:00+00:00,1850,1855,1849,99735.3415879552,99683.28113175216,1.2117086976447515,1.2315555744171474
strategy_a_ema21_pullback,2024-12-26 16:00:00+00:00,96010.79400000001,2025-01-03 16:00:00+00:00,97533.10272000001,112716.20617762579,0.029835624548450804,2864.542002382653,0.02873643373151578,498.41640565876077,-47.72883263122557,-0.09576095828575709,close_above_ema21,9,9,2024-12-25 16:00:00+00:00,1856,1864,1855,99683.28113175216,99635.55229912093,1.1458168009530614,1.1639844135197626
strategy_a_ema21_pullback,2025-01-08 16:00:00+00:00,95473.20154000001,2025-01-14 16:00:00+00:00,96485.39322,106469.99767127336,0.045302082129071816,4325.134817290506,0.04340955329183905,498.17776149560467,-49.33284022780218,-0.09902658055168413,close_above_ema21,7,7,2025-01-07 16:00:00+00:00,1869,1875,1868,99635.55229912093,99586.21945889313,1.7300539269162025,1.7483956831632919
strategy_a_ema21_pullback,2025-01-27 16:00:00+00:00,101088.67822,2025-01-28 16:00:00+00:00,102786.45318,114418.01408838811,0.03735603200421714,3776.271898850328,0.03791962300977883,497.93109729446564,-66.46852211509524,-0.13348939738099386,close_above_ema21,2,2,2025-01-26 16:00:00+00:00,1888,1889,1887,99586.21945889313,99519.75093677803,1.5105087595401312,1.5358776138368184
strategy_a_ema21_pullback,2025-02-01 16:00:00+00:00,102059.68398,2025-02-21 16:00:00+00:00,98149.22592,111401.27300960889,0.05326703552326187,5436.4168120555405,0.054626511429968674,497.59875468389015,204.0326943479592,0.41003457590559117,close_above_ema21,21,21,2025-01-31 16:00:00+00:00,1893,1913,1892,99519.75093677803,99723.78363112599,2.1745667248222165,2.091247321464518
strategy_a_ema21_pullback,2025-02-22 16:00:00+00:00,96575.98094000001,2025-03-23 16:00:00+00:00,85213.0392,102684.1272216437,0.0816317905899025,7883.670252108495,0.07905506555256522,498.61891815562996,921.6413753154983,1.8483883016805907,close_above_ema21,30,30,2025-02-21 16:00:00+00:00,1914,1943,1913,99723.78363112599,100645.42500644148,3.1534681008433982,2.7824371886014214
strategy_a_ema21_pullback,2025-03-28 16:00:00+00:00,84027.39116,2025-04-01 16:00:00+00:00,85312.75914,92190.64306808193,0.06164542399261173,5179.904155051235,0.05146686155599931,503.2271250322074,-83.41267225931303,-0.1657555169625931,close_above_ema21,5,5,2025-03-27 16:00:00+00:00,1948,1952,1947,100645.42500644148,100562.01233418217,2.071961662020494,2.1036564836659446
strategy_a_ema21_pullback,2025-04-03 16:00:00+00:00,82031.5904,2025-04-11 16:00:00+00:00,82549.0065,92075.41205373152,0.050061627835068644,4106.634949323589,0.04083684140763457,502.8100616709109,-29.19836127042527,-0.05807035995539722,close_above_ema21,9,9,2025-04-02 16:00:00+00:00,1954,1962,1953,100562.01233418217,100532.81397291175,1.6426539797294357,1.6530150566230652
strategy_a_ema21_pullback,2025-05-31 16:00:00+00:00,104482.0994,2025-06-03 16:00:00+00:00,106583.51243999999,115128.36507494697,0.04721505974131751,4933.128565069274,0.049069834714847334,502.66406986455877,-103.20453241372827,-0.20531511719454387,close_above_ema21,4,4,2025-05-30 16:00:00+00:00,2012,2015,2011,100532.81397291175,100429.60944049802,1.9732514260277099,2.0129387629176234
strategy_a_ema21_pullback,2025-06-13 16:00:00+00:00,105369.4219,2025-06-16 16:00:00+00:00,107403.87647999999,113641.97544924563,0.06070048917946032,6395.975453886939,0.06368615281409007,502.14804720249015,-128.65856553779022,-0.2562164012278015,close_above_ema21,4,4,2025-06-12 16:00:00+00:00,2025,2028,2024,100429.60944049802,100300.95087496024,2.558390181554776,2.607787136842533
strategy_a_ema21_pullback,2025-06-17 16:00:00+00:00,104173.26118,2025-06-24 16:00:00+00:00,105200.63592,113649.74538228614,0.052920971920558516,5512.950229779789,0.05496408739586612,501.5047543748012,-58.80177781916187,-0.11725068866488984,close_above_ema21,8,8,2025-06-16 16:00:00+00:00,2029,2036,2028,100300.95087496024,100242.14909714108,2.2051800919119158,2.226927959818888
strategy_a_ema21_pullback,2025-08-01 16:00:00+00:00,115289.53748000001,2025-08-07 16:00:00+00:00,116659.52724,123295.93503600673,0.06260128128532377,7217.2727650403585,0.07199838421307546,501.21074548570544,-91.57123778153388,-0.18270006899551897,close_above_ema21,7,7,2025-07-31 16:00:00+00:00,2074,2080,2073,100242.14909714108,100150.57785935955,2.8869091060161436,2.9212143517456526
strategy_a_ema21_pullback,2025-08-15 16:00:00+00:00,117198.25566,2025-08-16 16:00:00+00:00,117644.42417999999,127685.75961254285,0.047747575739924504,5595.932588712885,0.05587519022177982,500.7528892967977,-25.788732658520534,-0.05149991784318088,close_above_ema21,2,2,2025-08-14 16:00:00+00:00,2088,2089,2087,100150.57785935955,100124.78912670103,2.238373035485154,2.246894421565742
strategy_a_ema21_pullback,2025-08-18 16:00:00+00:00,116060.2833,2025-08-22 16:00:00+00:00,116356.56666,127493.89025829325,0.04378530305087867,5081.734676461332,0.05075401127717479,500.6239456335052,-17.043433590384318,-0.034044383491918316,close_above_ema21,5,5,2025-08-17 16:00:00+00:00,2091,2095,2090,100124.78912670103,100107.74569311064,2.032693870584533,2.0378830132671464
strategy_a_ema21_pullback,2025-09-04 16:00:00+00:00,109438.70788,2025-09-08 16:00:00+00:00,112622.41997999999,116472.80443180063,0.07115892208465956,7787.540487078738,0.07779158778534628,500.5387284655532,-232.87017346205567,-0.46523907186151264,close_above_ema21,5,5,2025-09-03 16:00:00+00:00,2108,2112,2107,100107.74569311064,99874.87551964859,3.115016194831495,3.2056360033370503
strategy_a_ema21_pullback,2025-09-22 16:00:00+00:00,112747.84591999999,2025-09-29 16:00:00+00:00,113791.65378,120278.97302820478,0.06630805328649936,7476.090175201379,0.07485456313515597,499.374377598243,-75.22142448878871,-0.1506313256410322,close_above_ema21,8,8,2025-09-21 16:00:00+00:00,2126,2133,2125,99874.87551964859,99799.6540951598,2.9904360700805515,3.0181212169612506
strategy_a_ema21_pullback,2025-10-11 16:00:00+00:00,111727.65000000001,2025-10-21 16:00:00+00:00,113407.17689999999,130304.45694086014,0.026861358470504446,3001.156457717056,0.030071812221467507,498.998270475799,-47.53334503757696,-0.09525753464486664,close_above_ema21,11,11,2025-10-10 16:00:00+00:00,2145,2155,2144,99799.6540951598,99752.12075012222,1.2004625830868225,1.2185083327355244
strategy_a_ema21_pullback,2025-10-29 16:00:00+00:00,111437.30808,2025-12-03 16:00:00+00:00,92355.06732,120265.3467386247,0.05649732891272949,6295.910247744928,0.06311555283637629,498.76060375061115,1073.4901426644612,2.1523154286685093,close_above_ema21,36,36,2025-10-28 16:00:00+00:00,2163,2198,2162,99752.12075012222,100825.61089278669,2.518364099097971,2.087125846054126
strategy_a_ema21_pullback,2025-12-05 16:00:00+00:00,90388.51868000001,2025-12-09 16:00:00+00:00,92693.83506,98078.46613217938,0.0655567619413395,5925.578601335079,0.05877056978743294,504.12805446393344,-155.92999163504714,-0.3093063166279368,close_above_ema21,5,5,2025-12-04 16:00:00+00:00,2200,2204,2199,100825.61089278669,100669.68090115165,2.370231440534032,2.4306830713832834
strategy_a_ema21_pullback,2025-12-11 16:00:00+00:00,89807.73486,2025-12-22 16:00:00+00:00,89695.73556,98313.8882369111,0.0591746212655929,5314.338697061285,0.05278986333809358,503.34840450575825,2.37869620832605,0.004725745004917042,close_above_ema21,12,12,2025-12-10 16:00:00+00:00,2206,2217,2205,100669.68090115165,100672.05959735997,2.125735478824514,2.1230844723607096
strategy_a_ema21_pullback,2025-12-23 16:00:00+00:00,87382.42001999999,2025-12-30 16:00:00+00:00,88985.2935,93943.36904479229,0.0767206536866418,6704.0363846550945,0.06659282040586068,503.3602979867999,-128.38591967077218,-0.25505769959262653,close_above_ema21,8,8,2025-12-22 16:00:00+00:00,2218,2225,2217,100672.05959735997,100543.67367768919,2.6816145538620377,2.730803954327071
strategy_a_ema21_pullback,2026-01-20 16:00:00+00:00,90619.87240000001,2026-03-02 16:00:00+00:00,69096.41652,100362.41452070314,0.05160032793906608,4676.015133636324,0.04650730336973891,502.718368388446,1107.3208166358277,2.202666316302592,close_above_ema21,42,42,2026-01-19 16:00:00+00:00,2246,2287,2245,100543.67367768919,101650.99449432502,1.8704060534545297,1.4261591007385213
strategy_a_ema21_pullback,2026-03-06 16:00:00+00:00,68438.70951999999,2026-03-10 16:00:00+00:00,71319.7611,77484.44822588451,0.05618722682548748,3845.3812954438886,0.037829254052783215,508.2549724716251,-165.01935497719353,-0.32467828927420134,close_above_ema21,5,5,2026-03-05 16:00:00+00:00,2291,2295,2290,101650.99449432502,101485.97513934782,1.5381525181775555,1.6029038376261115
strategy_a_ema21_pullback,2026-03-19 16:00:00+00:00,69361.125,2026-03-21 16:00:00+00:00,70602.41766,79074.68100752054,0.052239352437343324,3623.380254325625,0.035703260961432885,507.42987569673915,-67.76896667698567,-0.13355336357350622,close_above_ema21,3,3,2026-03-18 16:00:00+00:00,2304,2306,2303,101485.97513934782,101418.20617267083,1.4493521017302502,1.4752898316277012
strategy_a_ema21_pullback,2026-03-22 16:00:00+00:00,68796.238,2026-03-25 16:00:00+00:00,70813.1598,78899.5284160068,0.05019068144967525,3452.9300663940435,0.034046451783176036,507.0910308633542,-104.03351589764976,-0.20515747580967109,close_above_ema21,4,4,2026-03-21 16:00:00+00:00,2307,2310,2306,101418.20617267083,101314.17265677318,1.3811720265576175,1.4216642983866996
strategy_a_ema21_pullback,2026-05-16 16:00:00+00:00,78184.45998000001,2026-06-01 16:00:00+00:00,69441.8856,84602.54353391514,0.07892868003796084,6170.996225702175,0.06090950618141009,506.57086328386595,685.3790749089126,1.3529776870029895,end_of_data,17,17,2026-05-15 16:00:00+00:00,2362,2378,2361,101314.17265677318,101999.55173168209,2.46839849028087,2.192382547902032
strategy_b_ema55_pullback,2020-03-08 16:00:00+00:00,8394.42078,2020-04-02 16:00:00+00:00,6801.36,9590.268416567262,0.4181134658887434,3509.820366454289,0.03509820366454289,500.0,663.5387398697006,1.3270774797394014,close_above_ema21,26,26,2020-03-07 16:00:00+00:00,102,127,101,100000.0,100663.5387398697,1.4039281465817157,1.1374960809428254
strategy_b_ema55_pullback,2020-04-10 16:00:00+00:00,6763.84696,2020-04-11 16:00:00+00:00,6831.56604,7974.020431313361,0.41590540995177705,2813.1205427498808,0.02794577438827601,503.3176936993485,-30.426494055848607,-0.060451866558109815,close_above_ema21,2,2,2020-04-09 16:00:00+00:00,135,136,134,100663.5387398697,100633.11224581386,1.1252482170999523,1.1365141097915352
strategy_b_ema55_pullback,2020-07-05 16:00:00+00:00,9028.6939,2020-07-06 16:00:00+00:00,9307.76118,9601.239963858918,0.8788210992802417,7934.606698262813,0.07884687774418779,503.1655612290693,-251.69599922686973,-0.5002250126420785,close_above_ema21,2,2,2020-07-04 16:00:00+00:00,221,222,220,100633.11224581386,100381.41624658699,3.173842679305125,3.2719427648182235
strategy_b_ema55_pullback,2021-04-23 16:00:00+00:00,49785.041000000005,2021-04-30 16:00:00+00:00,57136.525019999994,68725.41829745154,0.02649931800991459,1319.2696335956364,0.013142568444689503,501.90708123293496,-195.94265232281785,-0.39039626984637205,close_above_ema21,8,8,2021-04-22 16:00:00+00:00,513,520,512,100381.41624658699,100185.47359426417,0.5277078534382545,0.6056315785945686
strategy_b_ema55_pullback,2021-09-24 16:00:00+00:00,41930.21228,2021-10-01 16:00:00+00:00,47373.472799999996,51634.947989755994,0.05161679647470953,2164.303233398126,0.021602964539182822,500.92736797132085,-282.8074984745477,-0.5645678726236795,close_above_ema21,8,8,2021-09-23 16:00:00+00:00,667,674,666,100185.47359426417,99902.66609578962,0.8657212933592504,0.978106761527115
strategy_b_ema55_pullback,2021-11-26 16:00:00+00:00,54304.137,2021-12-01 16:00:00+00:00,58629.32352,64332.597899758686,0.04980957052851131,2704.865741891441,0.027075010583780975,499.51333047894815,-217.6857498836261,-0.4357956767137777,close_above_ema21,6,6,2021-11-25 16:00:00+00:00,730,735,729,99902.66609578962,99684.98034590599,1.0819462967565765,1.1681205699633388
strategy_b_ema55_pullback,2022-02-17 16:00:00+00:00,41912.51582,2022-02-28 16:00:00+00:00,40830.46446,48085.16715503475,0.0807472955584853,3384.3223025172306,0.03395017274190818,498.42490172952995,84.70021222175716,0.1699357554725861,close_above_ema21,12,12,2022-02-16 16:00:00+00:00,813,824,812,99684.98034590599,99769.68055812774,1.3537289210068923,1.3187798326167401
strategy_b_ema55_pullback,2022-04-11 16:00:00+00:00,40558.286720000004,2022-04-21 16:00:00+00:00,42161.73066,49266.15601974812,0.057287079722828205,2323.4658047499647,0.023288295519762324,498.8484027906387,-93.75213611399434,-0.18793712797220502,close_above_ema21,11,11,2022-04-10 16:00:00+00:00,866,876,865,99769.68055812774,99675.92842201375,0.9293863218999859,0.9661289702287321
strategy_b_ema55_pullback,2022-04-22 16:00:00+00:00,39429.21258,2022-05-31 16:00:00+00:00,32059.11054,44791.05455845543,0.09294933422369073,3664.919058275371,0.03676834634294675,498.37964211006874,682.3881609631559,1.3692135538964256,close_above_ema21,40,40,2022-04-21 16:00:00+00:00,877,916,876,99675.92842201375,100358.3165829769,1.4659676233101484,1.1919491921986825
strategy_b_ema55_pullback,2022-07-21 16:00:00+00:00,22635.57198,2022-07-22 16:00:00+00:00,23296.35834,25625.90273116894,0.16780470946858678,3798.3555797591835,0.037847940350999,501.7915829148845,-113.96610084967628,-0.2271183988134125,close_above_ema21,2,2,2022-07-20 16:00:00+00:00,967,968,966,100358.3165829769,100244.35048212722,1.5193422319036733,1.5636954571679154
strategy_b_ema55_pullback,2022-09-13 16:00:00+00:00,20828.8334,2022-09-27 16:00:00+00:00,19896.078419999998,23788.25388581984,0.16936483166628624,3527.6718625961203,0.03519072990776748,501.2217524106361,155.216943039583,0.3096771883763304,close_above_ema21,15,15,2022-09-12 16:00:00+00:00,1021,1035,1020,100244.35048212722,100399.56742516681,1.4110687450384483,1.347878388969012
strategy_b_ema55_pullback,2022-11-09 16:00:00+00:00,17114.676379999997,2022-12-04 16:00:00+00:00,17035.30638,22412.68634501548,0.09475215041887278,1621.6523907280887,0.01615198583337317,501.99783712583405,6.2261644574345185,0.012402771480216214,close_above_ema21,26,26,2022-11-08 16:00:00+00:00,1078,1103,1077,100399.56742516681,100405.79358962424,0.6486609562912355,0.6456527650197373
strategy_b_ema55_pullback,2022-12-15 16:00:00+00:00,17427.61378,2023-01-04 16:00:00+00:00,16857.77088,18931.69680177275,0.33377743161838075,5816.9441667255,0.05793434779770131,502.0289679481212,185.62322453442445,0.3697460433271381,close_above_ema21,21,21,2022-12-14 16:00:00+00:00,1114,1134,1113,100405.79358962424,100591.41681415867,2.3267776666902,2.250697386855012
strategy_b_ema55_pullback,2023-05-31 16:00:00+00:00,26904.618000000002,2023-06-03 16:00:00+00:00,27303.4596,29310.468916827216,0.20905579832605867,5624.566394647648,0.055914973392202645,502.95708407079337,-87.91315426899733,-0.17479255597207807,close_above_ema21,4,4,2023-05-30 16:00:00+00:00,1281,1284,1280,100591.41681415867,100503.50365988967,2.2498265578590595,2.283178617496516
strategy_b_ema55_pullback,2023-06-05 16:00:00+00:00,25966.90558,2023-06-17 16:00:00+00:00,26423.2836,29287.947464664143,0.15131321306725035,3929.135916723712,0.03909451684411084,502.51751829944834,-72.22695572268061,-0.14373022450461287,close_above_ema21,13,13,2023-06-04 16:00:00+00:00,1286,1298,1285,100503.50365988967,100431.27670416699,1.5716543666894849,1.5992767765212728
strategy_b_ema55_pullback,2023-08-01 16:00:00+00:00,28949.80888,2023-08-08 16:00:00+00:00,29542.00722,30985.18826112667,0.24671389922544557,7142.320230616229,0.07111649343714743,502.15638352083494,-151.8758591853594,-0.3024473334790494,close_above_ema21,8,8,2023-07-31 16:00:00+00:00,1343,1350,1342,100431.27670416699,100279.40084498163,2.8569280922464917,2.915369516876986
strategy_b_ema55_pullback,2023-08-17 16:00:00+00:00,27922.51438,2023-08-29 16:00:00+00:00,27425.283959999997,30825.085747464967,0.17274235177990327,4823.400801609368,0.048099617278983264,501.3970042249082,82.06838858687307,0.16367945539231865,close_above_ema21,13,13,2023-08-16 16:00:00+00:00,1359,1371,1358,100279.40084498163,100361.46923356851,1.929360320643747,1.8950032197928233
strategy_b_ema55_pullback,2023-09-21 16:00:00+00:00,26579.78298,2023-09-22 16:00:00+00:00,26640.327,28224.461989972595,0.30510959471429266,8109.7468126216545,0.08080538153290744,501.8073461678426,-24.967747879233542,-0.04975564441195412,close_above_ema21,2,2,2023-09-20 16:00:00+00:00,1394,1395,1393,100361.46923356851,100336.50148568928,3.243898725048662,3.2512877496104915
strategy_b_ema55_pullback,2024-01-22 16:00:00+00:00,40771.844,2024-01-28 16:00:00+00:00,42273.052919999995,46488.92263838506,0.0877515492020868,3577.7924748258074,0.03565793526632078,501.6825074284464,-134.6483357492144,-0.2683935233050136,close_above_ema21,7,7,2024-01-21 16:00:00+00:00,1517,1523,1516,100336.50148568928,100201.85314994007,1.431116989930323,1.4838103532927196
strategy_b_ema55_pullback,2024-04-17 16:00:00+00:00,60287.94,2024-04-22 16:00:00+00:00,66009.89933999999,76461.38468911375,0.030977276355167973,1867.5561782637856,0.018637940512629157,501.0092657497004,-178.81566099713243,-0.35691088612813615,close_above_ema21,6,6,2024-04-16 16:00:00+00:00,1603,1608,1602,100201.85314994007,100023.03748894294,0.7470224713055142,0.8179227576128
strategy_b_ema55_pullback,2024-04-30 16:00:00+00:00,60773.8428,2024-05-04 16:00:00+00:00,63627.823019999996,70216.56096384842,0.05296305351560877,3218.7682885655945,0.0321802693596604,500.1151874447147,-153.790983958051,-0.3075111250746646,close_above_ema21,5,5,2024-04-29 16:00:00+00:00,1616,1620,1615,100023.03748894294,99869.24650498488,1.2875073154262378,1.3479695182759774
strategy_b_ema55_pullback,2024-06-17 16:00:00+00:00,65352.12696,2024-07-14 16:00:00+00:00,60099.91758,73322.51015574149,0.06265021646534148,4094.324900514479,0.04099685382436639,499.3462325249244,325.9082154797167,0.6526698195594163,close_above_ema21,28,28,2024-06-16 16:00:00+00:00,1664,1691,1663,99869.24650498488,100195.1547204646,1.6377299602057918,1.506109138374473
strategy_b_ema55_pullback,2024-09-16 16:00:00+00:00,57876.222440000005,2024-09-17 16:00:00+00:00,61152.12798,62967.29135842946,0.09840286620140065,5695.186173005823,0.056840933964270784,500.97577360232304,-327.0435868772675,-0.6528131780218104,close_above_ema21,2,2,2024-09-15 16:00:00+00:00,1755,1756,1754,100195.1547204646,99868.11113358734,2.278074469202329,2.4070178670187476
strategy_b_ema55_pullback,2025-02-22 16:00:00+00:00,96575.98094000001,2025-03-23 16:00:00+00:00,85213.0392,102684.1272216437,0.08174993404603999,7895.080072276615,0.07905506555256521,499.3405556679367,922.9752416512999,1.8483883016805907,close_above_ema21,30,30,2025-02-21 16:00:00+00:00,1914,1943,1913,99868.11113358734,100791.08637523864,3.1580320289106463,2.786464133785048
strategy_b_ema55_pullback,2025-04-03 16:00:00+00:00,82031.5904,2025-04-11 16:00:00+00:00,82549.0065,92075.41205373152,0.05017566512533223,4115.989609608819,0.04083684140763458,503.9554318761932,-29.2648733305282,-0.05807035995539722,close_above_ema21,9,9,2025-04-02 16:00:00+00:00,1954,1962,1953,100791.08637523864,100761.82150190811,1.6463958438435276,1.6567805226291499
strategy_b_ema55_pullback,2025-08-24 16:00:00+00:00,114368.82166,2025-09-08 16:00:00+00:00,112622.41997999999,122125.68063152127,0.0649501440414526,7428.271440668205,0.07372109128185557,503.8091075095406,107.531795133969,0.21343757691385656,close_above_ema21,16,16,2025-08-23 16:00:00+00:00,2097,2112,2096,100761.82150190811,100869.35329704208,2.9713085762672824,2.925936959999188
strategy_b_ema55_pullback,2025-10-14 16:00:00+00:00,112805.03448,2025-10-21 16:00:00+00:00,113407.17689999999,130351.80397196418,0.028742998346002323,3242.354919479375,0.032144103372321854,504.3467664852104,-19.908185469133873,-0.039473209291840804,close_above_ema21,8,8,2025-10-13 16:00:00+00:00,2148,2155,2147,100869.35329704208,100849.44511157295,1.29694196779175,1.303864919224597
strategy_b_ema55_pullback,2025-10-29 16:00:00+00:00,111437.30808,2025-12-03 16:00:00+00:00,92355.06732,120265.3467386247,0.05711882843481114,6365.168481458713,0.06311555283637629,504.24722555786474,1085.2990834314821,2.1523154286685093,close_above_ema21,36,36,2025-10-28 16:00:00+00:00,2163,2198,2162,100849.44511157295,101934.74419500443,2.5460673925834856,2.110085298134605
strategy_b_ema55_pullback,2026-01-07 16:00:00+00:00,91278.04074000001,2026-01-08 16:00:00+00:00,90750.34644,97300.42379205614,0.08462990755810725,7724.852149911348,0.07578232732044198,509.67372097502215,38.49670159594368,0.07553205121562527,close_above_ema21,2,2,2026-01-06 16:00:00+00:00,2233,2234,2232,101934.74419500443,101973.24089660037,3.089940859964539,3.0720773720333625
strategy_b_ema55_pullback,2026-03-18 16:00:00+00:00,71422.11271999999,2026-03-21 16:00:00+00:00,70602.41766,79065.52570040674,0.06670661467462262,4764.327352460502,0.04672134876336305,509.86620448300187,50.88949226914942,0.09980950261402548,close_above_ema21,4,4,2026-03-17 16:00:00+00:00,2303,2306,2302,101973.24089660037,102024.13038886953,1.905730940984201,1.8838593079769566
strategy_b_ema55_pullback,2026-05-27 16:00:00+00:00,75281.9406,2026-06-01 16:00:00+00:00,69441.8856,80424.66380335347,0.09919271012130462,7467.419711305073,0.07319268179834192,510.1206519443476,573.5486632915153,1.1243392344642564,end_of_data,6,6,2026-05-26 16:00:00+00:00,2373,2378,2372,102024.13038886953,102597.67905216104,2.9869678845220293,2.755251531439039
strategy_c_dual_bear_pullback,2020-03-28 16:00:00+00:00,6210.55764,2020-04-02 16:00:00+00:00,6801.36,7636.9882116671515,0.3505252971517718,2176.9575622392063,0.02176957562239206,500.0,-208.91557531587807,-0.41783115063175613,close_above_ema21,6,6,2020-03-27 16:00:00+00:00,122,127,121,100000.0,99791.08442468412,0.8707830248956825,0.9536194940144699
strategy_c_dual_bear_pullback,2020-04-10 16:00:00+00:00,6763.84696,2020-04-11 16:00:00+00:00,6831.56604,7974.020431313361,0.4123007436131622,2788.7391312936265,0.02794577438827601,498.9554221234206,-30.162786596650378,-0.06045186655810982,close_above_ema21,2,2,2020-04-09 16:00:00+00:00,135,136,134,99791.08442468412,99760.92163808747,1.1154956525174506,1.1266639033337702
strategy_c_dual_bear_pullback,2020-04-15 16:00:00+00:00,6701.75938,2020-04-16 16:00:00+00:00,7046.20896,7912.81020594773,0.4118775178573443,2760.304018711575,0.027669191236277885,498.80460819043736,-144.13602966758876,-0.28896290712005496,close_above_ema21,2,2,2020-04-14 16:00:00+00:00,140,141,139,99760.92163808747,99616.78560841989,1.10412160748463,1.1608700226995918
strategy_c_dual_bear_pullback,2020-04-21 16:00:00+00:00,6825.73458,2020-04-22 16:00:00+00:00,7114.9227,7711.479433667673,0.5623334146166861,3838.3386336385915,0.038531042837766136,498.08392804209944,-165.7558619502852,-0.3327870116224169,close_above_ema21,2,2,2020-04-20 16:00:00+00:00,146,147,145,99616.78560841989,99451.0297464696,1.5353354534554366,1.6003835106499087
strategy_c_dual_bear_pullback,2020-09-21 16:00:00+00:00,10416.4163,2020-09-26 16:00:00+00:00,10724.84454,11603.493432693467,0.4188903442222672,4363.336209469435,0.0438742185032461,497.25514873234806,-132.73995963369188,-0.26694536994153945,close_above_ema21,6,6,2020-09-20 16:00:00+00:00,299,304,298,99451.0297464696,99318.28978683591,1.745334483787774,1.7970135284363613
strategy_c_dual_bear_pullback,2020-10-02 16:00:00+00:00,10506.79822,2020-10-05 16:00:00+00:00,10721.24382,11288.589936672555,0.6351966109947564,6673.88262174974,0.06719691444620833,496.5914489341796,-141.60871050748148,-0.2851613953712097,close_above_ema21,4,4,2020-10-01 16:00:00+00:00,310,313,309,99318.28978683591,99176.68107632843,2.669553048699896,2.7240390960449905
strategy_c_dual_bear_pullback,2021-06-16 16:00:00+00:00,38779.84248,2021-06-17 16:00:00+00:00,39027.804,44711.86831317715,0.08359427610854668,3241.7728597190676,0.03268684558242206,495.88340538164215,-23.3298733204568,-0.04704709427108505,close_above_ema21,2,2,2021-06-15 16:00:00+00:00,567,568,566,99176.68107632843,99153.35120300797,1.296709143887627,1.3050004093944971
strategy_c_dual_bear_pullback,2021-06-18 16:00:00+00:00,36371.02434,2021-06-29 16:00:00+00:00,36253.749299999996,44553.824208810904,0.060586445222090377,2203.591073846726,0.022224070564544635,495.7667560150399,5.3452470389162965,0.010781777870467257,close_above_ema21,12,12,2021-06-17 16:00:00+00:00,569,580,568,99153.35120300797,99158.69645004689,0.8814364295386904,0.8785943184239389
strategy_c_dual_bear_pullback,2021-07-01 16:00:00+00:00,33428.912879999996,2021-07-04 16:00:00+00:00,35519.50248,39638.371638705634,0.07984487883990433,2669.127498653317,0.0269177348453541,495.79348225023443,-169.12494446421366,-0.3411197414226066,close_above_ema21,4,4,2021-06-30 16:00:00+00:00,582,585,581,99158.69645004689,98989.57150558267,1.067650999461327,1.1344201487877128
strategy_c_dual_bear_pullback,2021-07-05 16:00:00+00:00,33570.98446,2021-07-24 16:00:00+00:00,33859.67058,39341.02179230195,0.08577896970563521,2879.6844589826906,0.029090786182666587,494.94785752791336,-27.076850788280158,-0.05470647135138496,close_above_ema21,20,20,2021-07-04 16:00:00+00:00,586,605,585,98989.57150558267,98962.4946547944,1.1518737835930764,1.161779062769843
strategy_c_dual_bear_pullback,2021-12-26 16:00:00+00:00,50038.29034000001,2021-12-27 16:00:00+00:00,51449.88792,54421.91254195979,0.11287753608254752,5648.19892336234,0.05707413645002232,494.812473273972,-163.9199509718842,-0.33127691767204825,close_above_ema21,2,2,2021-12-25 16:00:00+00:00,760,761,759,98962.4946547944,98798.57470382251,2.259279569344936,2.3230146320531304
strategy_c_dual_bear_pullback,2021-12-28 16:00:00+00:00,48932.611520000006,2022-02-04 16:00:00+00:00,39501.29868,54716.447038730636,0.08540921883399763,4179.296125430674,0.042301178311117654,493.99287351911255,802.499833768005,1.6245170260274138,close_above_ema21,39,39,2021-12-27 16:00:00+00:00,762,800,761,98798.57470382251,99601.07453759051,1.6717184501722695,1.3495100252748888
strategy_c_dual_bear_pullback,2022-02-12 16:00:00+00:00,42127.872740000006,2022-02-13 16:00:00+00:00,42570.0123,48204.642687821775,0.08195231627395466,3452.4767507373936,0.03466304722881671,498.00537268795256,-39.010836203360086,-0.07833416734602994,close_above_ema21,2,2,2022-02-11 16:00:00+00:00,808,809,807,99601.07453759051,99562.06370138715,1.3809907002949575,1.3954844447182961
strategy_c_dual_bear_pullback,2022-02-17 16:00:00+00:00,41912.51582,2022-02-28 16:00:00+00:00,40830.46446,48085.16715503475,0.08064773004129724,3380.14926120296,0.03395017274190818,497.81031850693574,84.59577255752482,0.16993575547258608,close_above_ema21,12,12,2022-02-16 16:00:00+00:00,813,824,812,99562.06370138715,99646.65947394467,1.3520597044811842,1.3171537100923447
strategy_c_dual_bear_pullback,2022-03-04 16:00:00+00:00,40691.46008,2022-03-09 16:00:00+00:00,42536.0055,47901.11237013654,0.06910642529201463,2812.0413460415157,0.02822012660421196,498.2332973697234,-129.7705613178971,-0.26046143845259384,close_above_ema21,6,6,2022-03-03 16:00:00+00:00,828,833,827,99646.65947394467,99516.88891262677,1.1248165384166062,1.1758045145225895
strategy_c_dual_bear_pullback,2022-04-22 16:00:00+00:00,39429.21258,2022-05-31 16:00:00+00:00,32059.11054,44791.05455845543,0.09280102743842364,3659.0714385120186,0.03676834634294675,497.5844445631339,681.2993657038676,1.3692135538964256,close_above_ema21,40,40,2022-04-21 16:00:00+00:00,877,916,876,99516.88891262677,100198.18827833064,1.4636285754048075,1.1900473587495988
strategy_c_dual_bear_pullback,2022-06-10 16:00:00+00:00,29446.609500000002,2022-07-08 16:00:00+00:00,21959.791080000003,33989.59232137815,0.11027797398531079,3247.312436396606,0.032408893735445775,500.99094139165317,823.3635694711697,1.643469974095798,close_above_ema21,29,29,2022-06-09 16:00:00+00:00,926,954,925,100198.18827833064,101021.5518478018,1.2989249745586424,0.9686725077772402
strategy_c_dual_bear_pullback,2022-07-10 16:00:00+00:00,20899.3193,2022-07-16 16:00:00+00:00,20948.288819999998,23914.290978782574,0.16753316881668626,3501.329188440729,0.034659229881122806,505.10775923900906,-11.008363819328878,-0.021794089712488248,close_above_ema21,7,7,2022-07-09 16:00:00+00:00,956,962,955,101021.5518478018,101010.54348398247,1.4005316753762918,1.4038132829207046
strategy_c_dual_bear_pullback,2022-07-21 16:00:00+00:00,22635.57198,2022-07-22 16:00:00+00:00,23296.35834,25625.90273116894,0.16889526926828555,3823.0410246037595,0.037847940350999004,505.05271741991237,-114.70676449677339,-0.2271183988134125,close_above_ema21,2,2,2022-07-20 16:00:00+00:00,967,968,966,101010.54348398247,100895.8367194857,1.529216409841504,1.573857885921908
strategy_c_dual_bear_pullback,2022-07-23 16:00:00+00:00,22216.555800000002,2022-07-24 16:00:00+00:00,22852.5696,25607.60490595689,0.14876787915316084,3305.1098884538546,0.03275764388220341,504.4791835974285,-97.3003594185605,-0.19287289264289176,close_above_ema21,2,2,2022-07-22 16:00:00+00:00,969,970,968,100895.8367194857,100798.53636006714,1.322043955381542,1.359891325036799
strategy_c_dual_bear_pullback,2022-07-25 16:00:00+00:00,21893.420439999998,2022-07-28 16:00:00+00:00,23747.64858,25588.680760748543,0.1363889518068493,2986.020665278249,0.029623651028143363,503.99268180033573,-255.38620745055695,-0.5067260233586726,close_above_ema21,4,4,2022-07-24 16:00:00+00:00,971,974,970,100798.53636006714,100543.15015261658,1.1944082661112996,1.2955667590814453
strategy_c_dual_bear_pullback,2022-08-01 16:00:00+00:00,23320.434979999998,2022-08-02 16:00:00+00:00,22985.99628,26011.527807314924,0.18680728723307338,4356.427195709071,0.04332893080330543,502.7157507630829,59.015434770705276,0.11739324793608415,close_above_ema21,2,2,2022-07-31 16:00:00+00:00,978,979,977,100543.15015261658,100602.16558738728,1.7425708782836287,1.7175806437665266
strategy_c_dual_bear_pullback,2022-08-17 16:00:00+00:00,23392.52056,2022-09-09 16:00:00+00:00,21269.052959999997,26310.218251471968,0.17239991292009743,4032.868507525589,0.04008729319074617,503.01082793693644,363.00576877435986,0.7216659137601521,close_above_ema21,24,24,2022-08-16 16:00:00+00:00,994,1017,993,100602.16558738728,100965.17135616163,1.6131474030102357,1.466713151278776
strategy_c_dual_bear_pullback,2022-09-13 16:00:00+00:00,20828.8334,2022-09-27 16:00:00+00:00,19896.078419999998,23788.25388581984,0.17058267292522233,3553.0380752861465,0.03519072990776749,504.8258567808082,156.33305194755275,0.30967718837633046,close_above_ema21,15,15,2022-09-12 16:00:00+00:00,1021,1035,1020,100965.17135616163,101121.50440810919,1.4212152301144587,1.3575704950453735
strategy_c_dual_bear_pullback,2022-10-07 16:00:00+00:00,19575.984020000004,2022-10-17 16:00:00+00:00,19540.4073,21363.111596986535,0.28291630018552194,5538.3649714293015,0.05476940838496036,505.607522040546,5.6385681115921695,0.011152065319036132,close_above_ema21,11,11,2022-10-06 16:00:00+00:00,1045,1055,1044,101121.50440810919,101127.14297622078,2.2153459885717206,2.211319894973666
strategy_c_dual_bear_pullback,2022-10-19 16:00:00+00:00,19264.6463,2022-10-25 16:00:00+00:00,19753.849980000003,20609.837552470806,0.37588388562025493,7241.270106343867,0.07160560353264002,505.6357148811039,-189.75034969524302,-0.3752708602474041,close_above_ema21,7,7,2022-10-18 16:00:00+00:00,1057,1063,1056,101127.14297622078,100937.39262652554,2.896508042537547,2.9700615545767985
strategy_c_dual_bear_pullback,2022-11-09 16:00:00+00:00,17114.676379999997,2022-12-04 16:00:00+00:00,17035.30638,22412.68634501548,0.09525972326689512,1630.339335761266,0.01615198583337317,504.68696313262774,6.259517072778286,0.012402771480216212,close_above_ema21,26,26,2022-11-08 16:00:00+00:00,1078,1103,1077,100937.39262652554,100943.65214359832,0.6521357343045064,0.6491114286102293
strategy_c_dual_bear_pullback,2022-12-07 16:00:00+00:00,16833.6326,2022-12-09 16:00:00+00:00,17185.536419999997,17990.631461252422,0.4362305596149396,7343.3449694502915,0.07274697134004969,504.7182607179916,-159.4472807849251,-0.31591343764361113,close_above_ema21,3,3,2022-12-06 16:00:00+00:00,1106,1108,1105,100943.65214359832,100784.20486281339,2.9373379877801167,2.99874246791181
strategy_c_dual_bear_pullback,2022-12-12 16:00:00+00:00,17006.598,2022-12-12 16:00:00+00:00,17908.98618983579,17905.405108814026,0.5606553612810102,9534.840345850907,0.09460649472632791,503.921024314067,-513.7590203754158,-1.019522892649181,stop_loss,1,1,2022-12-11 16:00:00+00:00,1111,1111,1110,100784.20486281339,100270.44584243797,3.813936138340363,4.016307648975603
strategy_c_dual_bear_pullback,2022-12-15 16:00:00+00:00,17427.61378,2023-01-04 16:00:00+00:00,16857.77088,18931.69680177275,0.33332749718914045,5809.102883266375,0.05793434779770131,501.35222921218985,185.37300306444763,0.3697460433271381,close_above_ema21,21,21,2022-12-14 16:00:00+00:00,1114,1134,1113,100270.44584243797,100455.81884550242,2.32364115330655,2.24766343024735
strategy_c_dual_bear_pullback,2023-05-24 16:00:00+00:00,26310.036939999998,2023-05-28 16:00:00+00:00,27277.4544,28576.93923394941,0.2215706850569364,5829.532908669102,0.05803081370164054,502.27909422751213,-219.10071621491608,-0.43621309095471195,close_above_ema21,5,5,2023-05-23 16:00:00+00:00,1274,1278,1273,100455.81884550242,100236.7181292875,2.3318131634676407,2.4175537032069374
strategy_c_dual_bear_pullback,2023-05-31 16:00:00+00:00,26904.618000000002,2023-06-03 16:00:00+00:00,27303.4596,29310.468916827216,0.20831863983799462,5604.733427120827,0.055914973392202645,501.18359064643755,-87.60316082035449,-0.17479255597207805,close_above_ema21,4,4,2023-05-30 16:00:00+00:00,1281,1284,1280,100236.7181292875,100149.11496846715,2.241893370848331,2.275127826697455
strategy_c_dual_bear_pullback,2023-06-05 16:00:00+00:00,25966.90558,2023-06-17 16:00:00+00:00,26423.2836,29287.947464664143,0.15077966259765374,3915.281262057532,0.03909451684411084,500.74557484233577,-71.97227389178035,-0.14373022450461287,close_above_ema21,13,13,2023-06-04 16:00:00+00:00,1286,1298,1285,100149.11496846715,100077.14269457538,1.566112504823013,1.5936375143720471
strategy_c_dual_bear_pullback,2023-08-31 16:00:00+00:00,26914.016120000004,2023-09-13 16:00:00+00:00,26249.34882,28938.062469553013,0.24722048167690533,6653.696029046396,0.06648567145199935,500.3857134728769,159.0621409856765,0.3178790614978227,close_above_ema21,14,14,2023-08-30 16:00:00+00:00,1373,1386,1372,100077.14269457538,100236.20483556106,2.6614784116185586,2.595750663594203
strategy_c_dual_bear_pullback,2023-09-21 16:00:00+00:00,26579.78298,2023-09-22 16:00:00+00:00,26640.327,28224.461989972595,0.3047287775540812,8099.624775148173,0.08080538153290744,501.18102417780534,-24.936584825009863,-0.04975564441195412,close_above_ema21,2,2,2023-09-20 16:00:00+00:00,1394,1395,1393,100236.20483556106,100211.26825073604,3.2398499100592693,3.2472297121403932
strategy_c_dual_bear_pullback,2023-09-25 16:00:00+00:00,26238.55124,2023-09-28 16:00:00+00:00,27033.70566,28124.750486661997,0.2656433789486444,6970.097410110744,0.06955402852173312,501.0563412536802,-216.88807584560377,-0.4328616524499693,close_above_ema21,4,4,2023-09-24 16:00:00+00:00,1398,1401,1397,100211.26825073604,99994.38017489044,2.788038964044298,2.872529966810198
strategy_c_dual_bear_pullback,2024-05-08 16:00:00+00:00,62268.64378,2024-05-13 16:00:00+00:00,63031.303739999996,68357.1620111998,0.08211717233799389,5113.324952535411,0.0511361232860506,499.9719008744522,-66.74319032438387,-0.13349388277151147,close_above_ema21,6,6,2024-05-07 16:00:00+00:00,1624,1629,1623,99994.38017489044,99927.63698456605,2.0453299810141647,2.0703809727624076
strategy_c_dual_bear_pullback,2024-08-27 16:00:00+00:00,61686.26028,2024-09-13 16:00:00+00:00,59670.33168,67691.23328812806,0.08320406840239628,5132.54781982514,0.051362645757528205,499.63818492283025,163.6945162573383,0.32762611264913855,close_above_ema21,18,18,2024-08-26 16:00:00+00:00,1735,1752,1734,99927.63698456605,100091.33150082339,2.0530191279300563,1.9859257434785575
strategy_c_dual_bear_pullback,2024-09-16 16:00:00+00:00,57876.222440000005,2024-09-17 16:00:00+00:00,61152.12798,62967.29135842946,0.09830090016901659,5689.2847642342385,0.056840933964270784,500.45665750411695,-326.7047010474353,-0.6528131780218105,close_above_ema21,2,2,2024-09-15 16:00:00+00:00,1755,1756,1754,100091.33150082339,99764.62679977596,2.2757139056936957,2.4045236910739622
strategy_c_dual_bear_pullback,2025-02-22 16:00:00+00:00,96575.98094000001,2025-03-23 16:00:00+00:00,85213.0392,102684.1272216437,0.08166522394821343,7886.899111483493,0.07905506555256521,498.82313399887977,922.0188454911791,1.8483883016805909,close_above_ema21,30,30,2025-02-21 16:00:00+00:00,1914,1943,1913,99764.62679977596,100686.64564526714,3.154759644593397,2.783576771830356
strategy_c_dual_bear_pullback,2025-03-28 16:00:00+00:00,84027.39116,2025-04-01 16:00:00+00:00,85312.75914,92190.64306808193,0.06167067167533045,5182.025651962924,0.0514668615559993,503.4332282263357,-83.4468350008034,-0.16575551696259314,close_above_ema21,5,5,2025-03-27 16:00:00+00:00,1948,1952,1947,100686.64564526714,100603.19881026633,2.0728102607851695,2.1045180634557945
strategy_c_dual_bear_pullback,2025-04-03 16:00:00+00:00,82031.5904,2025-04-11 16:00:00+00:00,82549.0065,92075.41205373152,0.050082131223870285,4108.316874915578,0.040836841407634585,503.0159940513317,-29.210319837882782,-0.05807035995539723,close_above_ema21,9,9,2025-04-02 16:00:00+00:00,1954,1962,1953,100603.19881026633,100573.98849042844,1.6433267499662314,1.6536920703732485
strategy_c_dual_bear_pullback,2025-09-04 16:00:00+00:00,109438.70788,2025-09-08 16:00:00+00:00,112622.41997999999,116472.80443180063,0.07149033834677955,7823.810254575569,0.07779158778534627,502.8699424521422,-233.9547452934869,-0.4652390718615126,close_above_ema21,5,5,2025-09-03 16:00:00+00:00,2108,2112,2107,100573.98849042844,100340.03374513495,3.129524101830228,3.220565963921322
strategy_c_dual_bear_pullback,2025-10-29 16:00:00+00:00,111437.30808,2025-12-03 16:00:00+00:00,92355.06732,120265.3467386247,0.05683030944087792,6333.016701444845,0.06311555283637629,501.70016872567476,1079.8170137138643,2.15231542866851,close_above_ema21,36,36,2025-10-28 16:00:00+00:00,2163,2198,2162,100340.03374513495,101419.85075884881,2.5332066805779383,2.099426821691485
strategy_c_dual_bear_pullback,2025-12-05 16:00:00+00:00,90388.51868000001,2025-12-09 16:00:00+00:00,92693.83506,98078.46613217938,0.06594313640602698,5960.502416853958,0.05877056978743294,507.0992537942441,-156.84900235587293,-0.3093063166279368,close_above_ema21,5,5,2025-12-04 16:00:00+00:00,2200,2204,2199,101419.85075884881,101263.00175649294,2.384200966741583,2.4450088837437383
strategy_c_dual_bear_pullback,2025-12-11 16:00:00+00:00,89807.73486,2025-12-22 16:00:00+00:00,89695.73556,98313.8882369111,0.05952338105691749,5345.6600239303925,0.05278986333809358,506.31500878246476,2.392715623668261,0.0047257450049170415,close_above_ema21,12,12,2025-12-10 16:00:00+00:00,2206,2217,2205,101263.00175649294,101265.39447211662,2.1382640095721572,2.135597378767354
strategy_c_dual_bear_pullback,2025-12-23 16:00:00+00:00,87382.42001999999,2025-12-30 16:00:00+00:00,88985.2935,93943.36904479229,0.07717282521892667,6743.548227410298,0.06659282040586068,506.3269723605831,-129.14259281198974,-0.2550576995926266,close_above_ema21,8,8,2025-12-22 16:00:00+00:00,2218,2225,2217,101265.39447211662,101136.25187930463,2.6974192909641195,2.7468986009321568
strategy_c_dual_bear_pullback,2026-01-07 16:00:00+00:00,91278.04074000001,2026-01-08 16:00:00+00:00,90750.34644,97300.42379205614,0.08396697038788924,7664.340543880128,0.07578232732044198,505.68125939652316,38.19514278352008,0.07553205121562528,close_above_ema21,2,2,2026-01-06 16:00:00+00:00,2233,2234,2232,101136.25187930463,101174.44702208815,3.0657362175520513,3.048012660887268
strategy_c_dual_bear_pullback,2026-01-20 16:00:00+00:00,90619.87240000001,2026-03-02 16:00:00+00:00,69096.41652,100362.41452070314,0.05192404906676772,4705.35070092183,0.0465073033697389,505.8722351104407,1114.267732630473,2.2026663163025915,close_above_ema21,42,42,2026-01-19 16:00:00+00:00,2246,2287,2245,101174.44702208815,102288.71475471862,1.8821402803687322,1.43510628868892
strategy_c_dual_bear_pullback,2026-03-06 16:00:00+00:00,68438.70951999999,2026-03-10 16:00:00+00:00,71319.7611,77484.44822588451,0.05653972443852307,3869.505777188925,0.03782925405278321,511.4435737735931,-166.054624593094,-0.32467828927420134,close_above_ema21,5,5,2026-03-05 16:00:00+00:00,2291,2295,2290,102288.71475471862,102122.66013012553,1.54780231087557,1.6129598558461191
strategy_c_dual_bear_pullback,2026-03-18 16:00:00+00:00,71422.11271999999,2026-03-21 16:00:00+00:00,70602.41766,79065.52570040674,0.06680435846650472,4771.308420581986,0.046721348763363056,510.61330065062765,50.964059566045,0.09980950261402549,close_above_ema21,4,4,2026-03-17 16:00:00+00:00,2303,2306,2302,102122.66013012553,102173.62418969157,1.9085233682327944,1.8866196871842096
strategy_c_dual_bear_pullback,2026-03-22 16:00:00+00:00,68796.238,2026-03-25 16:00:00+00:00,70813.1598,78899.5284160068,0.05056452897157956,3478.649369486682,0.03404645178317603,510.8681209484579,-104.80841416541536,-0.20515747580967106,close_above_ema21,4,4,2026-03-21 16:00:00+00:00,2307,2310,2306,102173.62418969157,102068.81577552616,1.3914597477946729,1.4322536281104772
strategy_c_dual_bear_pullback,2026-04-12 16:00:00+00:00,70855.3261,2026-04-13 16:00:00+00:00,71845.3662,76343.42575196052,0.09299103719724201,6588.910264987813,0.06455360743557963,510.3440788776308,-97.37280992015765,-0.19079835340561577,close_above_ema21,2,2,2026-04-11 16:00:00+00:00,2328,2329,2327,102068.81577552616,101971.44296560601,2.6355641059951256,2.67239004830147
strategy_d_first_pullback,2020-09-21 16:00:00+00:00,10416.4163,2020-09-26 16:00:00+00:00,10724.84454,11603.493432693467,0.4212026213204064,4387.421850324609,0.04387421850324609,500.0,-133.4726849707697,-0.2669453699415394,close_above_ema21,6,6,2020-09-20 16:00:00+00:00,299,304,298,100000.0,99866.52731502923,1.7549687401298437,1.8069330534007393
strategy_d_first_pullback,2022-11-09 16:00:00+00:00,17114.676379999997,2022-12-04 16:00:00+00:00,17035.30638,22412.68634501548,0.09424909350348623,1613.042734420527,0.01615198583337317,499.3326365751462,6.19310858405539,0.012402771480216214,close_above_ema21,26,26,2022-11-08 16:00:00+00:00,1078,1103,1077,99866.52731502923,99872.7204236133,0.6452170937682108,0.6422248735476623
strategy_d_first_pullback,2025-09-04 16:00:00+00:00,109438.70788,2025-09-08 16:00:00+00:00,112622.41997999999,116472.80443180063,0.07099186063777253,7769.257498194859,0.07779158778534627,499.36360211806647,-232.32345877083088,-0.46523907186151253,close_above_ema21,5,5,2025-09-03 16:00:00+00:00,2108,2112,2107,99872.7204236133,99640.39696484247,3.1077029992779437,3.1981100575635395
strategy_e_second_pullback,2022-05-05 16:00:00+00:00,36892.62,2022-05-31 16:00:00+00:00,32059.11054,42569.603795181785,0.08807493874200666,3249.31524653213,0.0324931524653213,500.0,423.28188182102343,0.8465637636420469,close_above_ema21,27,27,2022-05-04 16:00:00+00:00,890,916,889,100000.0,100423.28188182102,1.299726098612852,1.1294416787734882
strategy_f_dual_bear_rsi,2020-04-10 16:00:00+00:00,6763.84696,2020-04-11 16:00:00+00:00,6831.56604,7974.020431313361,0.41316390736723607,2794.5774388276013,0.02794577438827601,500.0,-30.22593327905491,-0.06045186655810982,close_above_ema21,2,2,2020-04-09 16:00:00+00:00,135,136,134,100000.0,99969.77406672094,1.1178309755310405,1.1290226074094862
strategy_f_dual_bear_rsi,2020-04-15 16:00:00+00:00,6701.75938,2020-04-16 16:00:00+00:00,7046.20896,7912.81020594773,0.41273979557582907,2766.082796499595,0.027669191236277882,499.84887033360474,-144.4377826922738,-0.2889629071200549,close_above_ema21,2,2,2020-04-14 16:00:00+00:00,140,141,139,99969.77406672094,99825.33628402867,1.1064331185998382,1.1633003382939902
strategy_f_dual_bear_rsi,2020-04-21 16:00:00+00:00,6825.73458,2020-04-22 16:00:00+00:00,7114.9227,7711.479433667673,0.5635106761878101,3846.3743086543186,0.038531042837766136,499.12668142014337,-166.1028767308236,-0.3327870116224168,close_above_ema21,2,2,2020-04-20 16:00:00+00:00,146,147,145,99825.33628402867,99659.23340729784,1.5385497234617276,1.6037339606804002
strategy_f_dual_bear_rsi,2021-06-16 16:00:00+00:00,38779.84248,2021-06-17 16:00:00+00:00,39027.804,44711.86831317715,0.08400101096147884,3257.5459732469026,0.03268684558242206,498.29616703648924,-23.443386745486052,-0.04704709427108505,close_above_ema21,2,2,2021-06-15 16:00:00+00:00,567,568,566,99659.23340729784,99635.79002055236,1.303018389298761,1.311349996642579
strategy_f_dual_bear_rsi,2021-12-26 16:00:00+00:00,50038.29034000001,2021-12-27 16:00:00+00:00,51449.88792,54421.91254195979,0.11364550299978887,5686.626674938777,0.05707413645002231,498.1789501027618,-165.03518703914003,-0.3312769176720482,close_above_ema21,2,2,2021-12-25 16:00:00+00:00,760,761,759,99635.79002055236,99470.75483351322,2.274650669975511,2.3388193567804647
strategy_f_dual_bear_rsi,2021-12-28 16:00:00+00:00,48932.611520000006,2022-02-04 16:00:00+00:00,39501.29868,54716.447038730636,0.08599030393532346,4207.730136953911,0.042301178311117654,497.3537741675661,807.9596740942043,1.6245170260274135,close_above_ema21,39,39,2021-12-27 16:00:00+00:00,762,800,761,99470.75483351322,100278.71450760742,1.6830920547815644,1.3586914717332765
strategy_f_dual_bear_rsi,2022-02-12 16:00:00+00:00,42127.872740000006,2022-02-13 16:00:00+00:00,42570.0123,48204.642687821775,0.08250988219782167,3475.9658170222233,0.03466304722881671,501.3935725380371,-39.27624801741839,-0.07833416734602991,close_above_ema21,2,2,2022-02-11 16:00:00+00:00,808,809,807,100278.71450760742,100239.43825959001,1.3903863268088894,1.4049786800131279
strategy_f_dual_bear_rsi,2022-02-17 16:00:00+00:00,41912.51582,2022-02-28 16:00:00+00:00,40830.46446,48085.16715503475,0.0811964201595599,3403.146244464921,0.03395017274190818,501.19719129795004,85.1713233439554,0.1699357554725861,close_above_ema21,12,12,2022-02-16 16:00:00+00:00,813,824,812,100239.43825959001,100324.60958293396,1.3612584977859685,1.3261150190416553
strategy_f_dual_bear_rsi,2022-03-04 16:00:00+00:00,40691.46008,2022-03-09 16:00:00+00:00,42536.0055,47901.11237013654,0.06957659367303128,2831.1731839485324,0.028220126604211956,501.6230479146698,-130.6534606208293,-0.26046143845259384,close_above_ema21,6,6,2022-03-03 16:00:00+00:00,828,833,827,100324.60958293396,100193.95612231313,1.132469273579413,1.1838041484589295
strategy_f_dual_bear_rsi,2022-07-21 16:00:00+00:00,22635.57198,2022-07-22 16:00:00+00:00,23296.35834,25625.90273116894,0.16752988960025028,3792.1348748479186,0.037847940350999004,500.9697806115657,-113.77945442640532,-0.22711839881341248,close_above_ema21,2,2,2022-07-20 16:00:00+00:00,967,968,966,100193.95612231313,100080.17666788673,1.5168539499391676,1.561134536315228
strategy_f_dual_bear_rsi,2022-07-23 16:00:00+00:00,22216.555800000002,2022-07-24 16:00:00+00:00,22852.5696,25607.60490595689,0.14756521291903563,3278.390786954636,0.03275764388220341,500.4008833394337,-96.51376585073479,-0.19287289264289173,close_above_ema21,2,2,2022-07-22 16:00:00+00:00,969,970,968,100080.17666788673,99983.662902036,1.3113563147818545,1.3488977195084324
strategy_f_dual_bear_rsi,2022-07-25 16:00:00+00:00,21893.420439999998,2022-07-28 16:00:00+00:00,23747.64858,25588.680760748543,0.13528635904301112,2961.8811383254383,0.029623651028143363,499.91831451018,-253.3216195159137,-0.5067260233586727,close_above_ema21,4,4,2022-07-24 16:00:00+00:00,971,974,970,99983.662902036,99730.34128252008,1.1847524553301754,1.2850931648884534
strategy_f_dual_bear_rsi,2022-08-01 16:00:00+00:00,23320.434979999998,2022-08-02 16:00:00+00:00,22985.99628,26011.527807314924,0.18529710359717946,4321.209056420347,0.04332893080330543,498.6517064126004,58.53834340464584,0.11739324793608416,close_above_ema21,2,2,2022-07-31 16:00:00+00:00,978,979,977,99730.34128252008,99788.87962592473,1.728483622568139,1.7036954135918168
strategy_f_dual_bear_rsi,2022-08-17 16:00:00+00:00,23392.52056,2022-09-09 16:00:00+00:00,21269.052959999997,26310.218251471968,0.17100620108381007,4000.2660747405216,0.04008729319074617,498.94439812962366,360.071164991724,0.7216659137601521,close_above_ema21,24,24,2022-08-16 16:00:00+00:00,994,1017,993,99788.87962592473,100148.95079091645,1.6001064298962087,1.454855978935986
strategy_f_dual_bear_rsi,2022-09-13 16:00:00+00:00,20828.8334,2022-09-27 16:00:00+00:00,19896.078419999998,23788.25388581984,0.1692036519831897,3524.314677829438,0.03519072990776749,500.7447539545823,155.0692274988524,0.3096771883763304,close_above_ema21,15,15,2022-09-12 16:00:00+00:00,1021,1035,1020,100148.95079091645,100304.02001841531,1.4097258711317753,1.3465956515231723
strategy_f_dual_bear_rsi,2022-10-07 16:00:00+00:00,19575.984020000004,2022-10-17 16:00:00+00:00,19540.4073,21363.111596986535,0.28062915404044275,5493.591835041827,0.05476940838496036,501.5201000920766,5.592984915036375,0.011152065319036128,close_above_ema21,11,11,2022-10-06 16:00:00+00:00,1045,1055,1044,100304.02001841531,100309.61300333035,2.1974367340167307,2.193443188081877
strategy_f_dual_bear_rsi,2022-10-19 16:00:00+00:00,19264.6463,2022-10-25 16:00:00+00:00,19753.849980000003,20609.837552470806,0.372845172829829,7182.730379229026,0.07160560353264003,501.5480650166518,-188.21637381421988,-0.3752708602474041,close_above_ema21,7,7,2022-10-18 16:00:00+00:00,1057,1063,1056,100309.61300333035,100121.39662951612,2.8730921516916106,2.946051043939046
strategy_f_dual_bear_rsi,2022-12-12 16:00:00+00:00,17006.598,2022-12-12 16:00:00+00:00,17908.98618983579,17905.405108814026,0.5569682062351861,9472.134382222905,0.09460649472632794,500.60698314758065,-510.38027953900126,-1.019522892649181,stop_loss,1,1,2022-12-11 16:00:00+00:00,1111,1111,1110,100121.39662951612,99611.01634997712,3.788853752889162,3.989894365457424
strategy_f_dual_bear_rsi,2022-12-15 16:00:00+00:00,17427.61378,2023-01-04 16:00:00+00:00,16857.77088,18931.69680177275,0.3311353658941417,5770.899265702086,0.05793434779770131,498.0550817498856,184.1538958359945,0.36974604332713806,close_above_ema21,21,21,2022-12-14 16:00:00+00:00,1114,1134,1113,99611.01634997712,99795.1702458131,2.3083597062808345,2.232881651403363
strategy_f_dual_bear_rsi,2023-05-31 16:00:00+00:00,26904.618000000002,2023-06-03 16:00:00+00:00,27303.4596,29310.468916827216,0.20740098554697833,5580.044288964974,0.05591497339220266,498.97585122906554,-87.21726440467174,-0.17479255597207807,close_above_ema21,4,4,2023-05-30 16:00:00+00:00,1281,1284,1280,99795.1702458131,99707.95298140844,2.2320177155859895,2.2651057719528427
strategy_f_dual_bear_rsi,2023-09-21 16:00:00+00:00,26579.78298,2023-09-22 16:00:00+00:00,26640.327,28224.461989972595,0.3031228354494226,8056.9391825279035,0.08080538153290742,498.5397649070422,-24.805167267933992,-0.04975564441195412,close_above_ema21,2,2,2023-09-20 16:00:00+00:00,1394,1395,1393,99707.95298140844,99683.14781414051,3.2227756730111614,3.230116583015924
strategy_f_dual_bear_rsi,2023-09-25 16:00:00+00:00,26238.55124,2023-09-28 16:00:00+00:00,27033.70566,28124.750486661997,0.26424341964548453,6933.364506200869,0.06955402852173313,498.41573907070256,-215.7450604212171,-0.43286165244996944,close_above_ema21,4,4,2023-09-24 16:00:00+00:00,1398,1401,1397,99683.14781414051,99467.40275371929,2.773345802480348,2.857391531715156
strategy_f_dual_bear_rsi,2024-05-08 16:00:00+00:00,62268.64378,2024-05-13 16:00:00+00:00,63031.303739999996,68357.1620111998,0.08168440906032912,5086.377370157438,0.0511361232860506,497.3370137685965,-66.39144901395859,-0.13349388277151145,close_above_ema21,6,6,2024-05-07 16:00:00+00:00,1624,1629,1623,99467.40275371929,99401.01130470533,2.0345509480629755,2.059469919321605
strategy_f_dual_bear_rsi,2024-08-27 16:00:00+00:00,61686.26028,2024-09-13 16:00:00+00:00,59670.33168,67691.23328812806,0.08276557710597587,5105.498931583637,0.05136264575752821,497.00505652352666,162.83183463576842,0.32762611264913855,close_above_ema21,18,18,2024-08-26 16:00:00+00:00,1735,1752,1734,99401.01130470533,99563.8431393411,2.042199572633455,1.9754597750400784
strategy_f_dual_bear_rsi,2024-09-16 16:00:00+00:00,57876.222440000005,2024-09-17 16:00:00+00:00,61152.12798,62967.29135842946,0.09778284750666429,5659.301833112302,0.056840933964270784,497.8192156967055,-324.9829442792914,-0.6528131780218104,close_above_ema21,2,2,2024-09-15 16:00:00+00:00,1755,1756,1754,99563.8431393411,99238.8601950618,2.263720733244921,2.391851681990543
strategy_f_dual_bear_rsi,2025-02-22 16:00:00+00:00,96575.98094000001,2025-03-23 16:00:00+00:00,85213.0392,102684.1272216437,0.08123484247037115,7845.334598082467,0.07905506555256522,496.19430097530903,917.1597412833394,1.8483883016805909,close_above_ema21,30,30,2025-02-21 16:00:00+00:00,1914,1943,1913,99238.8601950618,100156.01993634514,3.138133839232987,2.7689071263334246
strategy_f_dual_bear_rsi,2025-10-29 16:00:00+00:00,111437.30808,2025-12-03 16:00:00+00:00,92355.06732,120265.3467386247,0.056726088211278954,6321.402568173549,0.06311555283637629,500.7800996817257,1077.836734915132,2.152315428668509,close_above_ema21,36,36,2025-10-28 16:00:00+00:00,2163,2198,2162,100156.01993634514,101233.85667126028,2.52856102726942,2.0955766782211707
strategy_f_dual_bear_rsi,2026-01-07 16:00:00+00:00,91278.04074000001,2026-01-08 16:00:00+00:00,90750.34644,97300.42379205614,0.08404800541265597,7671.737262172153,0.07578232732044196,506.1692833563014,38.23200423424449,0.07553205121562527,close_above_ema21,2,2,2026-01-06 16:00:00+00:00,2233,2234,2232,101233.85667126028,101272.08867549452,3.0686949048688614,3.05095424351581
strategy_f_dual_bear_rsi,2026-01-20 16:00:00+00:00,90619.87240000001,2026-03-02 16:00:00+00:00,69096.41652,100362.41452070314,0.051974160039959666,4709.891750918324,0.046507303369738906,506.3604433774726,1115.3430925356047,2.202666316302592,close_above_ema21,42,42,2026-01-19 16:00:00+00:00,2246,2287,2245,101272.08867549452,102387.43176803013,1.8839567003673297,1.4364912841592772
strategy_f_dual_bear_rsi,2026-03-06 16:00:00+00:00,68438.70951999999,2026-03-10 16:00:00+00:00,71319.7611,77484.44822588451,0.05659428991765155,3873.2401681648184,0.037829254052783215,511.9371588401507,-166.2148809481152,-0.32467828927420134,close_above_ema21,5,5,2026-03-05 16:00:00+00:00,2291,2295,2290,102387.43176803013,102221.21688708202,1.5492960672659275,1.6145164946204191
strategy_f_dual_bear_rsi,2026-03-18 16:00:00+00:00,71422.11271999999,2026-03-21 16:00:00+00:00,70602.41766,79065.52570040674,0.0668688301607656,4775.913125196736,0.04672134876336305,511.1060844354101,51.01324407050039,0.09980950261402548,close_above_ema21,4,4,2026-03-17 16:00:00+00:00,2303,2306,2302,102221.21688708202,102272.23013115252,1.9103652500786943,1.8884404301783915
strategy_f_dual_bear_rsi,2026-03-22 16:00:00+00:00,68796.238,2026-03-25 16:00:00+00:00,70813.1598,78899.5284160068,0.050613327896187686,3482.006551918167,0.03404645178317603,511.36115065576263,-104.90956289566519,-0.20515747580967109,close_above_ema21,4,4,2026-03-21 16:00:00+00:00,2307,2310,2306,102272.23013115252,102167.32056825685,1.392802620767267,1.4336358705290144
strategy_f_dual_bear_rsi,2026-04-12 16:00:00+00:00,70855.3261,2026-04-13 16:00:00+00:00,71845.3662,76343.42575196052,0.09308078118785587,6595.2691047082735,0.06455360743557963,510.8366028412843,-97.46678268143553,-0.19079835340561574,close_above_ema21,2,2,2026-04-11 16:00:00+00:00,2328,2329,2327,102167.32056825685,102069.85378557541,2.6381076418833094,2.6749691242494307
strategy_g_dual_bear_volume,2020-04-15 16:00:00+00:00,6701.75938,2020-04-16 16:00:00+00:00,7046.20896,7912.81020594773,0.41286458775065543,2766.9191236277884,0.027669191236277885,500.0,-144.48145356002746,-0.2889629071200549,close_above_ema21,2,2,2020-04-14 16:00:00+00:00,140,141,139,100000.0,99855.51854643997,1.1067676494511154,1.16365206299015
strategy_g_dual_bear_volume,2020-04-21 16:00:00+00:00,6825.73458,2020-04-22 16:00:00+00:00,7114.9227,7711.479433667673,0.5636810540471131,3847.537262700229,0.03853104283776613,499.2775927321999,-166.15309805538288,-0.3327870116224168,close_above_ema21,2,2,2020-04-20 16:00:00+00:00,146,147,145,99855.51854643997,99689.36544838459,1.5390149050800916,1.604218850799893
strategy_g_dual_bear_volume,2020-09-21 16:00:00+00:00,10416.4163,2020-09-26 16:00:00+00:00,10724.84454,11603.493432693467,0.41989422044627545,4373.793002132377,0.0438742185032461,498.44682724192296,-133.05807269428172,-0.26694536994153945,close_above_ema21,6,6,2020-09-20 16:00:00+00:00,299,304,298,99689.36544838459,99556.3073756903,1.749517200852951,1.8013200950123174
strategy_g_dual_bear_volume,2020-10-02 16:00:00+00:00,10506.79822,2020-10-05 16:00:00+00:00,10721.24382,11288.589936672555,0.6367188680344411,6689.876669304681,0.06719691444620833,497.7815368784515,-141.9480776462845,-0.28516139537120966,close_above_ema21,4,4,2020-10-01 16:00:00+00:00,310,313,309,99556.3073756903,99414.35929804402,2.6759506677218723,2.730567291596659
strategy_g_dual_bear_volume,2021-06-16 16:00:00+00:00,38779.84248,2021-06-17 16:00:00+00:00,39027.804,44711.86831317715,0.08379461089163738,3249.54181105059,0.03268684558242206,497.0717964902201,-23.38578366897299,-0.047047094271085055,close_above_ema21,2,2,2021-06-15 16:00:00+00:00,567,568,566,99414.35929804402,99390.97351437504,1.2998167244202359,1.3081278600540354
strategy_g_dual_bear_volume,2021-06-18 16:00:00+00:00,36371.02434,2021-06-29 16:00:00+00:00,36253.749299999996,44553.824208810904,0.06073164143559718,2208.8720088622576,0.022224070564544632,496.95486757187524,5.3580569938074305,0.010781777870467257,close_above_ema21,12,12,2021-06-17 16:00:00+00:00,569,580,568,99390.97351437504,99396.33157136885,0.8835488035449031,0.8806998812734528
strategy_g_dual_bear_volume,2021-12-28 16:00:00+00:00,48932.611520000006,2022-02-04 16:00:00+00:00,39501.29868,54716.447038730636,0.08592596664400237,4204.581945271447,0.042301178311117654,496.98165785684427,807.3551648117742,1.6245170260274135,close_above_ema21,39,39,2021-12-27 16:00:00+00:00,762,800,761,99396.33157136885,100203.68673618062,1.681832778108579,1.357674909108982
strategy_g_dual_bear_volume,2022-02-17 16:00:00+00:00,41912.51582,2022-02-28 16:00:00+00:00,40830.46446,48085.16715503475,0.08116746054280131,3401.932474069386,0.03395017274190818,501.0184336809031,85.14094603325604,0.1699357554725861,close_above_ema21,12,12,2022-02-16 16:00:00+00:00,813,824,812,100203.68673618062,100288.82768221387,1.3607729896277545,1.3256420452005206
strategy_g_dual_bear_volume,2022-03-04 16:00:00+00:00,40691.46008,2022-03-09 16:00:00+00:00,42536.0055,47901.11237013654,0.06955177839811917,2830.1634141800723,0.028220126604211956,501.4441384110694,-130.6068615941687,-0.26046143845259384,close_above_ema21,6,6,2022-03-03 16:00:00+00:00,828,833,827,100288.82768221387,100158.22082061971,1.132065365672029,1.1833819313908713
strategy_g_dual_bear_volume,2022-04-22 16:00:00+00:00,39429.21258,2022-05-31 16:00:00+00:00,32059.11054,44791.05455845543,0.09339907929314996,3682.652152225886,0.03676834634294675,500.7911041030986,685.6899674087184,1.3692135538964256,close_above_ema21,40,40,2022-04-21 16:00:00+00:00,877,916,876,100158.22082061971,100843.91078802843,1.4730608608903544,1.1977165629573279
strategy_g_dual_bear_volume,2022-07-21 16:00:00+00:00,22635.57198,2022-07-22 16:00:00+00:00,23296.35834,25625.90273116894,0.16861665009565904,3816.7343202667644,0.037847940350999,504.21955394014213,-114.51753774129816,-0.2271183988134125,close_above_ema21,2,2,2022-07-20 16:00:00+00:00,967,968,966,100843.91078802843,100729.39325028713,1.526693728106706,1.5712615610875473
strategy_g_dual_bear_volume,2022-08-17 16:00:00+00:00,23392.52056,2022-09-09 16:00:00+00:00,21269.052959999997,26310.218251471968,0.17261794041361006,4037.9687201502284,0.040087293190746165,503.6469662514357,363.4648481123708,0.7216659137601521,close_above_ema21,24,24,2022-08-16 16:00:00+00:00,994,1017,993,100729.39325028713,101092.8580983995,1.6151874880600914,1.4685680466012787
strategy_g_dual_bear_volume,2022-09-13 16:00:00+00:00,20828.8334,2022-09-27 16:00:00+00:00,19896.078419999998,23788.25388581984,0.17079840222568787,3557.531464945042,0.03519072990776748,505.46429049199753,156.53076030419848,0.30967718837633035,close_above_ema21,15,15,2022-09-12 16:00:00+00:00,1021,1035,1020,101092.8580983995,101249.3888587037,1.423012585978017,1.3592873618771955
strategy_g_dual_bear_volume,2022-11-09 16:00:00+00:00,17114.676379999997,2022-12-04 16:00:00+00:00,17035.30638,22412.68634501548,0.09555416989330615,1635.3786944834735,0.01615198583337317,506.24694429351854,6.278865162630257,0.012402771480216212,close_above_ema21,26,26,2022-11-08 16:00:00+00:00,1078,1103,1077,101249.3888587037,101255.66772386634,0.6541514777933894,0.651117824007617
strategy_g_dual_bear_volume,2022-12-15 16:00:00+00:00,17427.61378,2023-01-04 16:00:00+00:00,16857.77088,18931.69680177275,0.3366026550998626,5866.181070402952,0.05793434779770132,506.2783386193317,187.19441252673494,0.3697460433271382,close_above_ema21,21,21,2022-12-14 16:00:00+00:00,1114,1134,1113,101255.66772386634,101442.86213639307,2.346472428161181,2.269748174909259
strategy_g_dual_bear_volume,2023-05-24 16:00:00+00:00,26310.036939999998,2023-05-28 16:00:00+00:00,27277.4544,28576.93923394941,0.22374776011995337,5886.811833998232,0.058030813701640545,507.2143106819654,-221.25352223904366,-0.4362130909547119,close_above_ema21,5,5,2023-05-23 16:00:00+00:00,1274,1278,1273,101442.86213639307,101221.60861415403,2.354724733599293,2.4413077295096666
strategy_g_dual_bear_volume,2023-05-31 16:00:00+00:00,26904.618000000002,2023-06-03 16:00:00+00:00,27303.4596,29310.468916827216,0.21036550499904413,5659.803552376373,0.055914973392202645,506.1080430707702,-88.46391844636649,-0.17479255597207807,close_above_ema21,4,4,2023-05-30 16:00:00+00:00,1281,1284,1280,101221.60861415403,101133.14469570767,2.2639214209505494,2.29748242679
strategy_g_dual_bear_volume,2023-06-05 16:00:00+00:00,25966.90558,2023-06-17 16:00:00+00:00,26423.2836,29287.947464664143,0.15226117015072702,3953.7514288042426,0.03909451684411084,505.6657234785384,-72.67944795985782,-0.1437302245046129,close_above_ema21,13,13,2023-06-04 16:00:00+00:00,1286,1298,1285,101133.14469570767,101060.46524774781,1.581500571521697,1.6092960320642058
strategy_g_dual_bear_volume,2023-09-21 16:00:00+00:00,26579.78298,2023-09-22 16:00:00+00:00,26640.327,28224.461989972595,0.3072346173173079,8166.229452237393,0.08080538153290742,505.30232623873906,-25.141642864867933,-0.04975564441195412,close_above_ema21,2,2,2023-09-20 16:00:00+00:00,1394,1395,1393,101060.46524774781,101035.32360488294,3.2664917808949574,3.273932268421178
strategy_g_dual_bear_volume,2023-09-25 16:00:00+00:00,26238.55124,2023-09-28 16:00:00+00:00,27033.70566,28124.750486661997,0.26782781242142106,7027.413779716565,0.06955402852173313,505.1766180244147,-218.67158565713515,-0.4328616524499694,close_above_ema21,4,4,2023-09-24 16:00:00+00:00,1398,1401,1397,101035.32360488294,100816.6520192258,2.810965511886626,2.8961512994249556
strategy_g_dual_bear_volume,2024-08-27 16:00:00+00:00,61686.26028,2024-09-13 16:00:00+00:00,59670.33168,67691.23328812806,0.08394430073437881,5178.209984123487,0.05136264575752822,504.08326009612904,165.1508389567994,0.32762611264913855,close_above_ema21,18,18,2024-08-26 16:00:00+00:00,1735,1752,1734,100816.6520192258,100981.80285818261,2.071283993649395,2.0035937069864205
strategy_g_dual_bear_volume,2024-09-16 16:00:00+00:00,57876.222440000005,2024-09-17 16:00:00+00:00,61152.12798,62967.29135842946,0.09917544279614127,5739.8999878549685,0.056840933964270784,504.90901429091303,-329.61125823111064,-0.6528131780218104,close_above_ema21,2,2,2024-09-15 16:00:00+00:00,1755,1756,1754,100981.80285818261,100652.1915999515,2.2959599951419873,2.42591574813712
strategy_g_dual_bear_volume,2025-02-22 16:00:00+00:00,96575.98094000001,2025-03-23 16:00:00+00:00,85213.0392,102684.1272216437,0.08239176581480467,7957.06560494352,0.07905506555256521,503.2609579997575,930.2216674593188,1.8483883016805907,close_above_ema21,30,30,2025-02-21 16:00:00+00:00,1914,1943,1913,100652.1915999515,101582.41326741083,3.1828262419774083,2.8083411080536687
strategy_g_dual_bear_volume,2025-03-28 16:00:00+00:00,84027.39116,2025-04-01 16:00:00+00:00,85312.75914,92190.64306808193,0.0622193302443848,5228.12800015814,0.051466861555999305,507.9120663370541,-84.18922712723729,-0.1657555169625931,close_above_ema21,5,5,2025-03-27 16:00:00+00:00,1948,1952,1947,101582.41326741083,101498.22404028359,2.091251200063256,2.123241093996527
strategy_g_dual_bear_volume,2025-04-03 16:00:00+00:00,82031.5904,2025-04-11 16:00:00+00:00,82549.0065,92075.41205373152,0.05052769132085027,4144.866878289625,0.040836841407634585,507.49112020141797,-29.4701920242641,-0.05807035995539722,close_above_ema21,9,9,2025-04-02 16:00:00+00:00,1954,1962,1953,101498.22404028359,101468.75384825932,1.65794675131585,1.6684042877099452
strategy_g_dual_bear_volume,2025-10-29 16:00:00+00:00,111437.30808,2025-12-03 16:00:00+00:00,92355.06732,120265.3467386247,0.057469590795871564,6404.256494751072,0.06311555283637629,507.3437692412966,1091.9638221768787,2.1523154286685093,close_above_ema21,36,36,2025-10-28 16:00:00+00:00,2163,2198,2162,101468.75384825932,102560.7176704362,2.5617025979004286,2.1230431707222284
strategy_g_dual_bear_volume,2025-12-11 16:00:00+00:00,89807.73486,2025-12-22 16:00:00+00:00,89695.73556,98313.8882369111,0.060286191140653894,5414.166269679125,0.052789863338093566,512.803588352181,2.423378996158855,0.004725745004917043,close_above_ema21,12,12,2025-12-10 16:00:00+00:00,2206,2217,2205,102560.7176704362,102563.14104943236,2.1656665078716504,2.1629657033886827
strategy_g_dual_bear_volume,2026-01-07 16:00:00+00:00,91278.04074000001,2026-01-08 16:00:00+00:00,90750.34644,97300.42379205614,0.08515162533078645,7772.473526020743,0.07578232732044198,512.8157052471619,38.73402211290563,0.07553205121562528,close_above_ema21,2,2,2026-01-06 16:00:00+00:00,2233,2234,2232,102563.14104943236,102601.87507154528,3.1089894104082973,3.09101579947918
strategy_g_dual_bear_volume,2026-01-20 16:00:00+00:00,90619.87240000001,2026-03-02 16:00:00+00:00,69096.41652,100362.41452070314,0.0526566238053587,4771.7365302564085,0.04650730336973891,513.0093753577264,1129.9884710478968,2.202666316302592,close_above_ema21,42,42,2026-01-19 16:00:00+00:00,2246,2287,2245,102601.87507154528,103731.86354259317,1.9086946121025634,1.455353604396805
strategy_g_dual_bear_volume,2026-03-06 16:00:00+00:00,68438.70951999999,2026-03-10 16:00:00+00:00,71319.7611,77484.44822588451,0.05733741981465402,3924.099019321398,0.037829254052783215,518.6593177129658,-168.39741999117024,-0.3246782892742014,close_above_ema21,5,5,2026-03-05 16:00:00+00:00,2291,2295,2290,103731.86354259317,103563.466122602,1.5696396077285593,1.6357164333086125
strategy_g_dual_bear_volume,2026-03-19 16:00:00+00:00,69361.125,2026-03-21 16:00:00+00:00,70602.41766,79074.68100752054,0.05330872959522747,3697.553457045772,0.03570326096143288,517.81733061301,-69.15624622002177,-0.13355336357350617,close_above_ema21,3,3,2026-03-18 16:00:00+00:00,2304,2306,2303,103563.466122602,103494.30987638197,1.479021382818309,1.5054900767225012
