strategy_name,entry_time,entry_price,exit_time,exit_price,stop_loss_price,position_size_btc,notional_value,notional_to_equity,risk_amount,pnl_usdt,R_multiple,exit_reason,exit_rule_name,holding_bars,holding_days,entry_signal_bar_time,entry_bar_index,exit_bar_index,signal_bar_index,equity_before,equity_after,entry_fee,exit_fee
v5_a_baseline,2021-05-21 16:00:00+00:00,36820.6344,2021-05-24 12:00:00+00:00,37592.517,45355.07055967795,0.05858617847097092,2157.1802583727713,0.021571802583727713,500.0,-46.96548462964,-0.09393096925928,close_above_ema21,ema21_reclaim,18,3.0,2021-05-21 12:00:00+00:00,3135,3152,3134,100000.0,99953.03451537035,0.8628721033491086,0.8809607640540033
v5_a_baseline,2021-12-16 16:00:00+00:00,48583.38138,2021-12-19 04:00:00+00:00,47721.64242,50624.55914755388,0.2448415716264453,11895.23145200618,0.11900820730136993,499.7651725768518,201.55773194505338,0.40330487798058534,close_above_ema21,ema21_reclaim,16,2.6666666666666665,2021-12-16 12:00:00+00:00,4389,4404,4388,99953.03451537035,100154.5922473154,4.758092580802471,4.673696772283217
v5_a_baseline,2021-12-31 20:00:00+00:00,45706.75682,2022-01-02 00:00:00+00:00,47732.74464,49557.17122790293,0.13005689990374716,5944.479096663654,0.05935303577478238,500.77296123657703,-268.354675867326,-0.5358809213753634,close_above_ema21,ema21_reclaim,8,1.3333333333333333,2021-12-31 16:00:00+00:00,4480,4487,4479,100154.5922473154,99886.23757144807,2.3777916386654616,2.4831891167102413
v5_a_baseline,2022-01-03 16:00:00+00:00,46687.96054000001,2022-01-09 20:00:00+00:00,42690.43638,48792.70291031642,0.23728851326452846,11078.516743889573,0.11091134287609113,499.4311878572404,940.0831778961895,1.8823077147615117,close_above_ema21,ema21_reclaim,38,6.333333333333333,2022-01-03 12:00:00+00:00,4497,4534,4496,99886.23757144807,100826.32074934426,4.43140669755583,4.0519800716896555
v5_a_baseline,2022-01-11 12:00:00+00:00,41811.636,2022-01-11 20:00:00+00:00,42972.39276,43697.848285488115,0.2672719330826867,11175.076779069654,0.1108349158832351,504.13160374672134,-319.3018595884866,-0.6333700510252194,close_above_ema21,ema21_reclaim,3,0.5,2022-01-11 08:00:00+00:00,4544,4546,4543,100826.32074934426,100507.01888975577,4.470030711627862,4.594125792861461
v5_a_baseline,2022-01-26 20:00:00+00:00,37566.78514000001,2022-01-28 00:00:00+00:00,37167.9321,40035.38062126972,0.2035712607682086,7647.517813958206,0.07608939055636127,502.53509444877886,75.10947996935363,0.14946116360637415,close_above_ema21,ema21_reclaim,8,1.3333333333333333,2022-01-26 16:00:00+00:00,4636,4643,4635,100507.01888975577,100582.12836972512,3.0590071255832822,3.0265291190976686
v5_a_baseline,2022-02-23 20:00:00+00:00,37610.57638,2022-02-25 00:00:00+00:00,38341.36674,40254.86242481025,0.19018768519224763,7153.068460458424,0.07111669415231298,502.91064184862563,-144.76537662834755,-0.2878550672465615,close_above_ema21,ema21_reclaim,8,1.3333333333333333,2022-02-23 16:00:00+00:00,4804,4811,4803,100582.12836972512,100437.36299309677,2.8612273841833695,2.9168223149550534
v5_a_baseline,2022-03-07 20:00:00+00:00,37297.93892,2022-03-08 12:00:00+00:00,38992.69698,40640.66902596622,0.1502325341998636,5603.363884383323,0.055789635623631935,502.18681496548385,-259.19233243623495,-0.5161273149993986,close_above_ema21,ema21_reclaim,5,0.8333333333333333,2022-03-07 16:00:00+00:00,4876,4880,4875,100437.36299309677,100178.17066066054,2.2413455537533293,2.3431886730371074
v5_a_baseline,2022-04-26 16:00:00+00:00,38542.48996,2022-04-28 04:00:00+00:00,39350.3685,41585.07511354703,0.1646267328687143,6345.124198740023,0.06333839155671186,500.8908533033027,-138.12770331577656,-0.27576407595555863,close_above_ema21,ema21_reclaim,10,1.6666666666666665,2022-04-26 12:00:00+00:00,5175,5184,5174,100178.17066066054,100040.04295734476,2.5380496794960092,2.5912490413339877
v5_a_baseline,2022-04-29 12:00:00+00:00,38744.2496,2022-05-02 04:00:00+00:00,38684.63538,41193.18976923885,0.2042517089922169,7913.579194421017,0.07910411631665554,500.20021478672385,5.850313482227914,0.011695943562763923,close_above_ema21,ema21_reclaim,17,2.833333333333333,2022-04-29 08:00:00+00:00,5192,5208,5191,100040.04295734476,100045.89327082699,3.165431677768407,3.160561155242311
v5_a_baseline,2022-05-05 16:00:00+00:00,36892.62,2022-05-13 04:00:00+00:00,30580.81494,40820.268602951466,0.1273610541376419,4698.6829730994505,0.04696527582976331,500.22946635413496,800.440750832804,1.6001471418041895,close_above_ema21,ema21_reclaim,46,7.666666666666666,2022-05-05 12:00:00+00:00,5229,5274,5228,100045.89327082699,100846.33402165979,1.8794731892397802,1.5579219308586194
v5_a_baseline,2022-07-13 16:00:00+00:00,19452.208779999997,2022-07-14 00:00:00+00:00,20235.64632,20594.801726520665,0.4413047285507446,8584.351715370309,0.08512309147030135,504.23167010829894,-352.74046617483094,-0.6995603153984146,close_above_ema21,ema21_reclaim,3,0.5,2022-07-13 12:00:00+00:00,5643,5645,5642,100846.33402165979,100493.59355548496,3.4337406861481234,3.57203456251859
v5_a_baseline,2022-08-26 16:00:00+00:00,20774.04436,2022-08-30 00:00:00+00:00,20290.95738,22269.557153680158,0.33598373073155163,6979.740926455549,0.06945458590454191,502.4679677774248,156.79049681339734,0.31204078044403794,close_above_ema21,ema21_reclaim,21,3.5,2022-08-26 12:00:00+00:00,5907,5927,5906,100493.59355548496,100650.38405229835,2.79189637058222,2.726972624258924
v5_a_baseline,2022-09-02 20:00:00+00:00,19905.81804,2022-09-05 00:00:00+00:00,20004.70014,20808.566760872614,0.5574662235744159,11096.82120991828,0.1102511561620304,503.25192026149176,-64.02293720639024,-0.12721846579964097,close_above_ema21,ema21_reclaim,14,2.333333333333333,2022-09-02 16:00:00+00:00,5950,5963,5949,100650.38405229835,100586.36111509196,4.438728483967313,4.460777856313756
v5_a_baseline,2022-09-06 16:00:00+00:00,19818.635479999997,2022-09-08 20:00:00+00:00,19355.07024,20448.12240326206,0.7989551283594876,15834.200453833293,0.1574189609634614,502.9318055754598,357.8486125944579,0.7115251185695122,close_above_ema21,ema21_reclaim,14,2.333333333333333,2022-09-06 12:00:00+00:00,5973,5986,5972,100586.36111509196,100944.20972768642,6.3336801815333175,6.18553305120244
v5_a_baseline,2022-09-20 04:00:00+00:00,19355.1282,2022-09-22 12:00:00+00:00,19232.945819999997,20448.90247991274,0.46144900086578905,8931.404569519258,0.08847862193991303,504.72104863843214,49.25836589365945,0.09759522814937474,close_above_ema21,ema21_reclaim,15,2.5,2022-09-20 00:00:00+00:00,6054,6068,6053,100944.20972768642,100993.46809358009,3.5725618278077036,3.5500094529379416
v5_a_baseline,2022-09-27 20:00:00+00:00,19074.48434,2022-09-28 16:00:00+00:00,19493.898,20827.11313844862,0.2881199606641653,5495.739677730036,0.05441678339670155,504.96734046790044,-125.28637554228668,-0.24810787847427299,close_above_ema21,ema21_reclaim,6,1.0,2022-09-27 16:00:00+00:00,6100,6105,6099,100993.46809358009,100868.1817180378,2.198295871092015,2.2466324499805004
v5_a_baseline,2022-09-29 16:00:00+00:00,19286.142,2022-09-29 20:00:00+00:00,19408.680959999998,20225.71326361345,0.536777707153974,10352.371082605958,0.10263267272472991,504.34090859018903,-74.08438932471059,-0.1468934763428226,close_above_ema21,ema21_reclaim,2,0.3333333333333333,2022-09-29 12:00:00+00:00,6111,6112,6110,100868.1817180378,100794.09732871309,4.140948433042383,4.167258905836716
v5_a_baseline,2022-10-14 16:00:00+00:00,19358.02762,2022-10-16 20:00:00+00:00,19381.77558,20259.72132039023,0.5589153904762352,10819.499566082046,0.10734259101301469,503.9704866435655,-21.934009229414553,-0.04352240817809524,close_above_ema21,ema21_reclaim,14,2.333333333333333,2022-10-14 12:00:00+00:00,6201,6214,6200,100794.09732871309,100772.16331948368,4.327799826432819,4.333109066567385
v5_a_baseline,2022-11-14 16:00:00+00:00,16596.58002,2022-11-15 04:00:00+00:00,16827.56484,17707.494949129574,0.4535548162920134,7527.4588020468,0.07469779901600478,503.86081659741836,-110.82815035402079,-0.2199578667427354,close_above_ema21,ema21_reclaim,4,0.6666666666666666,2022-11-14 12:00:00+00:00,6387,6390,6386,100772.16331948368,100661.33516912966,3.01098352081872,3.0528892318592575
v5_a_baseline,2022-12-28 16:00:00+00:00,16574.98434,2023-01-01 20:00:00+00:00,16607.120759999998,17073.505639013132,1.0095991421870805,16734.08997142829,0.16624148629969912,503.3066758456483,-45.84515200293125,-0.0910879076378292,close_above_ema21,ema21_reclaim,26,4.333333333333333,2022-12-28 12:00:00+00:00,6651,6676,6650,100661.33516912966,100615.49001712672,6.693635988571316,6.706613949397301
v5_a_baseline,2023-06-13 16:00:00+00:00,25755.64784,2023-06-14 04:00:00+00:00,25993.39764,26764.810969334798,0.49850954267150444,12839.436225926722,0.12760894196053907,503.07745008563364,-128.8395012666092,-0.25610271588336586,close_above_ema21,ema21_reclaim,4,0.6666666666666666,2023-06-13 12:00:00+00:00,7653,7656,7652,100615.49001712672,100486.6505158601,5.135774490370689,5.183182707997985
v5_a_baseline,2023-08-24 16:00:00+00:00,25999.699020000004,2023-08-27 16:00:00+00:00,26131.2252,27127.493753059556,0.4455006197947635,11582.882027887308,0.11526786860170195,502.43325257930053,-67.88473832942988,-0.13511195363948453,close_above_ema21,ema21_reclaim,19,3.1666666666666665,2023-08-24 12:00:00+00:00,8085,8103,8084,100486.6505158601,100418.76577753067,4.633152811154924,4.656590809038618
v5_a_baseline,2024-05-10 16:00:00+00:00,60907.91598,2024-05-13 00:00:00+00:00,61484.19438,64521.86464886527,0.138932197131982,8462.070589831555,0.08426782110206932,502.0938288876534,-86.86530619327749,-0.17300612195477538,close_above_ema21,ema21_reclaim,15,2.5,2024-05-10 12:00:00+00:00,9645,9659,9644,100418.76577753067,100331.9004713374,3.3848282359326225,3.4168536856413043
v5_a_baseline,2024-05-14 08:00:00+00:00,62010.99532,2024-05-15 04:00:00+00:00,61962.39,64318.69893604705,0.21738471910703983,13480.242799186162,0.13435649814125836,501.659502356687,-0.21391398250650262,-0.0004264126992543375,close_above_ema21,ema21_reclaim,6,1.0,2024-05-14 04:00:00+00:00,9667,9672,9666,100331.9004713374,100331.6865573549,5.392097119674466,5.3878706981403415
v5_a_baseline,2024-07-02 16:00:00+00:00,61946.1083,2024-07-06 20:00:00+00:00,57873.87246,64565.0884448186,0.19154724551053126,11865.606414962058,0.11826379902603401,501.65843278677454,770.8450833125836,1.5365934925691251,close_above_ema21,ema21_reclaim,26,4.333333333333333,2024-07-02 12:00:00+00:00,9963,9988,9962,100331.6865573549,101102.53164066748,4.746242565984823,4.434232342696317
v5_a_baseline,2024-07-10 16:00:00+00:00,57688.55998,2024-07-11 00:00:00+00:00,57736.24494,60578.03155525951,0.17494986368154022,10092.605704485357,0.09982544987454801,505.5126582033374,-16.419898806148417,-0.032481676847632326,close_above_ema21,ema21_reclaim,3,0.5,2024-07-10 12:00:00+00:00,10011,10013,10010,101102.53164066748,101086.11174186133,4.037042281794143,4.040379272694807
v5_a_baseline,2024-07-11 16:00:00+00:00,57394.21886,2024-07-12 16:00:00+00:00,58217.741219999996,60805.28620004083,0.14817372638068682,8504.315281194895,0.08412941337492484,505.43055870930664,-128.87663881470831,-0.2549838679002993,close_above_ema21,ema21_reclaim,7,1.1666666666666665,2024-07-11 12:00:00+00:00,10017,10023,10016,101086.11174186133,100957.23510304662,3.401726112477958,3.450535863213565
v5_a_baseline,2024-08-29 20:00:00+00:00,59256.1464,2024-09-03 00:00:00+00:00,59158.72938,62329.43735484898,0.16424939354303256,9732.786109897152,0.09640503823191016,504.78617551523314,8.220857842434185,0.016285822079107434,close_above_ema21,ema21_reclaim,26,4.333333333333333,2024-08-29 16:00:00+00:00,10312,10337,10311,100957.23510304662,100965.45596088906,3.893114443958861,3.8867141693765532
v5_a_baseline,2024-09-05 04:00:00+00:00,57111.0755,2024-09-09 04:00:00+00:00,55130.92398,60374.55568226291,0.15468985610765876,8834.504051248636,0.08750026399792474,504.8272798044453,299.36427420064285,0.5930033620936798,close_above_ema21,ema21_reclaim,25,4.166666666666666,2024-09-05 00:00:00+00:00,10350,10374,10349,100965.45596088906,101264.8202350897,3.5338016204994545,3.4112778790193894
v5_a_baseline,2025-02-24 16:00:00+00:00,94310.1342,2025-03-01 20:00:00+00:00,85497.89616,97594.4288629239,0.15416524798803669,14539.345226728019,0.14357745555637622,506.32410117544856,1347.4528029299338,2.6612456325933853,close_above_ema21,ema21_reclaim,32,5.333333333333333,2025-02-24 12:00:00+00:00,11385,11416,11384,101264.8202350897,102612.27303801964,5.815738090691208,5.272321745584724
v5_a_baseline,2025-03-03 20:00:00+00:00,85569.68264,2025-03-04 20:00:00+00:00,88217.74002,97594.92228922689,0.04266537550651503,3650.86264180892,0.03557920055485187,513.0613651900983,-115.94624473893764,-0.2259890387497361,close_above_ema21,ema21_reclaim,7,1.1666666666666665,2025-03-03 16:00:00+00:00,11428,11434,11427,102612.27303801964,102496.3267932807,1.460345056723568,1.5055372017157675
v5_a_baseline,2025-03-07 04:00:00+00:00,86972.00211999999,2025-03-07 12:00:00+00:00,88997.59596,95570.97530142228,0.05959800352367629,5183.357688808941,0.05057115558163342,512.4816339664036,-124.91632350443065,-0.243747902803127,close_above_ema21,ema21_reclaim,3,0.5,2025-03-07 00:00:00+00:00,11448,11450,11447,102496.3267932807,102371.41046977628,2.0733430755235767,2.12163161504912
v5_a_baseline,2025-03-07 20:00:00+00:00,87814.4336,2025-03-11 20:00:00+00:00,83124.22152,95472.26144533324,0.06684102368020887,5869.6066357217305,0.05733638531291556,511.85705234888144,308.92829082658596,0.6035440742858431,close_above_ema21,ema21_reclaim,25,4.166666666666666,2025-03-07 16:00:00+00:00,11452,11476,11451,102371.41046977628,102680.33876060287,2.3478426542886925,2.2224432236068994
v5_a_baseline,2025-03-12 16:00:00+00:00,81713.25408000001,2025-03-12 20:00:00+00:00,82935.68382,86690.29283626565,0.1031540478073811,8429.052917865001,0.08209023284893097,513.4016938030144,-132.8922576057521,-0.2588465507804521,close_above_ema21,ema21_reclaim,2,0.3333333333333333,2025-03-12 12:00:00+00:00,11481,11482,11480,102680.33876060287,102547.44650299712,3.371621167146001,3.42206059748245
v5_a_baseline,2025-04-03 00:00:00+00:00,82496.9973,2025-04-04 08:00:00+00:00,84018.20027999999,90105.05141292991,0.06739400442007731,5559.803000679306,0.05421688389400132,512.7372325149856,-107.00881074264055,-0.2087010732919869,close_above_ema21,ema21_reclaim,9,1.5,2025-04-02 20:00:00+00:00,11609,11617,11608,102547.44650299712,102440.43769225448,2.2239212002717226,2.264929184414904
v5_a_baseline,2025-04-08 16:00:00+00:00,78484.3,2025-04-09 20:00:00+00:00,82348.86648,83117.39507610512,0.11055291981874515,8676.668524930341,0.08469964323069643,512.2021884612724,-434.3513386608729,-0.8480075806894257,close_above_ema21,ema21_reclaim,8,1.3333333333333333,2025-04-08 12:00:00+00:00,11643,11650,11642,102440.43769225448,102006.08635359361,3.4706674099721364,3.6415630532511964
v5_a_baseline,2025-04-10 16:00:00+00:00,78752.2464,2025-04-11 04:00:00+00:00,80863.6695,85722.54433798046,0.07317197002281106,5762.45701280983,0.05649130575243193,510.030431767968,-159.16875218403015,-0.31207697084326524,close_above_ema21,ema21_reclaim,4,0.6666666666666666,2025-04-10 12:00:00+00:00,11655,11658,11654,102006.08635359361,101846.91760140957,2.3049828051239323,2.3667816002354005
v5_a_baseline,2025-09-02 12:00:00+00:00,109686.75826,2025-09-02 16:00:00+00:00,110816.35884,111860.1206540534,0.23430726021595802,25700.403809870702,0.25234346227789034,509.2345880070479,-285.33980953286857,-0.560330771422226,close_above_ema21,ema21_reclaim,2,0.3333333333333333,2025-09-02 08:00:00+00:00,12524,12525,12523,101846.91760140957,101561.5777918767,10.280161523948282,10.386030970763546
v5_a_baseline,2025-10-22 00:00:00+00:00,108221.45138000001,2025-10-23 08:00:00+00:00,109251.74597999999,115927.22948918214,0.06589962515975967,7131.753080187156,0.07022097564102221,507.8078889593835,-73.62858881945054,-0.14499299916417732,close_above_ema21,ema21_reclaim,9,1.5,2025-10-21 20:00:00+00:00,12821,12829,12820,101561.5777918767,101487.94920305724,2.8527012320748626,2.879859643252512
v5_a_baseline,2025-11-12 16:00:00+00:00,102102.77536,2025-11-13 08:00:00+00:00,103443.1845,108967.87939172944,0.07391581302628175,7547.009652974208,0.07436360387846777,507.43974601528623,-105.15467006588712,-0.2072259236522624,close_above_ema21,ema21_reclaim,5,0.8333333333333333,2025-11-12 12:00:00+00:00,12951,12955,12950,101487.94920305724,101382.79453299136,3.0188038611896832,3.0584348337380667
v5_a_baseline,2025-11-13 16:00:00+00:00,101301.83558000001,2025-11-23 16:00:00+00:00,87050.60664,106853.13417281146,0.09131448510468804,9250.324956147468,0.09124156617262394,506.9139726649568,1294.4639102533185,2.553616550453405,close_above_ema21,ema21_reclaim,61,10.166666666666666,2025-11-13 12:00:00+00:00,12957,13017,12956,101382.79453299136,102677.25844324469,3.700129982458987,3.179592529352935
v5_a_baseline,2025-12-15 16:00:00+00:00,86967.00312,2025-12-18 16:00:00+00:00,88497.29592,91615.23164384541,0.11044773069623208,9605.308140056135,0.09354854507890384,513.3862922162234,-176.7692205196533,-0.34432010203576535,close_above_ema21,ema21_reclaim,19,3.1666666666666665,2025-12-15 12:00:00+00:00,13149,13167,13148,102677.25844324469,102500.48922272504,3.8421232560224543,3.9097302028467675
v5_a_baseline,2025-12-18 20:00:00+00:00,84416.1134,2025-12-19 08:00:00+00:00,87927.48198,91888.41780649041,0.06858693359286432,5789.842363933503,0.05648599736292631,512.5024461136252,-245.56221110912333,-0.479143490867711,close_above_ema21,ema21_reclaim,4,0.6666666666666666,2025-12-18 16:00:00+00:00,13168,13171,13167,102500.48922272504,102254.92701161592,2.3159369455734016,2.4122705470200136
v5_a_baseline,2025-12-26 16:00:00+00:00,87077.38104000001,2025-12-28 00:00:00+00:00,87851.0667,90639.14196764816,0.14354546681932318,12499.563310790882,0.12223922774274691,511.2746350580796,-121.10314351244162,-0.23686515075930686,close_above_ema21,ema21_reclaim,9,1.5,2025-12-26 12:00:00+00:00,13215,13223,13214,102254.92701161592,102133.82386810347,4.999825324316353,5.044248952010799
v5_a_baseline,2026-01-29 04:00:00+00:00,87992.398,2026-02-07 04:00:00+00:00,70892.27562,91698.14648661288,0.13780458149961441,12125.755581537509,0.11872419069706837,510.66911934051734,2347.7171937861276,4.597335348606923,close_above_ema21,ema21_reclaim,55,9.166666666666666,2026-01-29 00:00:00+00:00,13416,13470,13415,102133.82386810347,104481.5410618896,4.850302232615004,3.9077121493477676
v5_a_baseline,2026-02-07 08:00:00+00:00,68064.3844,2026-02-08 12:00:00+00:00,70966.99056,74282.78795802436,0.08400993927699041,5718.084800369733,0.054728182052585034,522.407705309448,-248.5197741938136,-0.4757199629102005,close_above_ema21,ema21_reclaim,8,1.3333333333333333,2026-02-07 04:00:00+00:00,13471,13478,13470,104481.5410618896,104233.02128769578,2.287233920147893,2.3847730270465406
v5_a_baseline,2026-02-27 12:00:00+00:00,66078.7816,2026-02-28 20:00:00+00:00,66335.46444,71360.92896252786,0.09866538562246145,6519.68846802641,0.06254916520198794,521.1651064384789,-30.55159245024562,-0.05862171521617803,close_above_ema21,ema21_reclaim,9,1.5,2026-02-27 08:00:00+00:00,13592,13600,13591,104233.02128769578,104202.46969524554,2.607875387210564,2.618005671767072
v5_a_baseline,2026-03-01 20:00:00+00:00,65917.41388000001,2026-03-02 04:00:00+00:00,66806.05854,69518.81918294619,0.1446691790146492,9536.218148788443,0.09151623926648211,521.0123484762278,-136.23989171434067,-0.2614907153598047,close_above_ema21,ema21_reclaim,3,0.5,2026-03-01 16:00:00+00:00,13606,13608,13605,104202.46969524554,104066.2298035312,3.8144872595153774,3.865911056874558
v5_a_baseline,2026-03-30 20:00:00+00:00,66508.1957,2026-03-31 04:00:00+00:00,67697.33676,69158.79634078039,0.19630688267865928,13056.016570449212,0.12545872561250598,520.331149017656,-243.97476243997923,-0.4688836386224124,close_above_ema21,ema21_reclaim,3,0.5,2026-03-30 16:00:00+00:00,13780,13782,13779,104066.2298035312,103822.25504109122,5.222406628179685,5.315781258001204
v5_a_baseline,2026-03-31 12:00:00+00:00,66640.16930000001,2026-03-31 20:00:00+00:00,67821.96168,69415.68483676147,0.18703237950927384,12463.869435079861,0.12005007433278017,519.1112752054561,-231.09294984175585,-0.4451703534088966,close_above_ema21,ema21_reclaim,3,0.5,2026-03-31 08:00:00+00:00,13784,13786,13783,103822.25504109122,103591.16209124947,4.985547774031945,5.073961150398874
v5_a_baseline,2026-04-02 04:00:00+00:00,66528.1917,2026-04-04 12:00:00+00:00,67143.32598,70415.28999345003,0.13324999044377914,8864.880908266907,0.08557564882280376,517.9558104562474,-89.09132831302693,-0.17200565475759372,close_above_ema21,ema21_reclaim,15,2.5,2026-04-02 00:00:00+00:00,13794,13808,13793,103591.16209124947,103502.07076293645,3.5459523633067627,3.578739018079419
v5_b_close_below_ema21,2021-05-21 16:00:00+00:00,36820.6344,2021-05-24 12:00:00+00:00,37592.517,45355.07055967795,0.05858617847097092,2157.1802583727713,0.021571802583727713,500.0,-46.96548462964,-0.09393096925928,close_above_ema21,ema21_reclaim,18,3.0,2021-05-21 12:00:00+00:00,3135,3152,3134,100000.0,99953.03451537035,0.8628721033491086,0.8809607640540033
v5_b_close_below_ema21,2021-12-16 16:00:00+00:00,48583.38138,2021-12-19 04:00:00+00:00,47721.64242,50624.55914755388,0.2448415716264453,11895.23145200618,0.11900820730136993,499.7651725768518,201.55773194505338,0.40330487798058534,close_above_ema21,ema21_reclaim,16,2.6666666666666665,2021-12-16 12:00:00+00:00,4389,4404,4388,99953.03451537035,100154.5922473154,4.758092580802471,4.673696772283217
v5_b_close_below_ema21,2021-12-31 20:00:00+00:00,45706.75682,2022-01-02 00:00:00+00:00,47732.74464,49557.17122790293,0.13005689990374716,5944.479096663654,0.05935303577478238,500.77296123657703,-268.354675867326,-0.5358809213753634,close_above_ema21,ema21_reclaim,8,1.3333333333333333,2021-12-31 16:00:00+00:00,4480,4487,4479,100154.5922473154,99886.23757144807,2.3777916386654616,2.4831891167102413
v5_b_close_below_ema21,2022-01-03 16:00:00+00:00,46687.96054000001,2022-01-09 20:00:00+00:00,42690.43638,48792.70291031642,0.23728851326452846,11078.516743889573,0.11091134287609113,499.4311878572404,940.0831778961895,1.8823077147615117,close_above_ema21,ema21_reclaim,38,6.333333333333333,2022-01-03 12:00:00+00:00,4497,4534,4496,99886.23757144807,100826.32074934426,4.43140669755583,4.0519800716896555
v5_b_close_below_ema21,2022-01-11 12:00:00+00:00,41811.636,2022-01-11 20:00:00+00:00,42972.39276,43697.848285488115,0.2672719330826867,11175.076779069654,0.1108349158832351,504.13160374672134,-319.3018595884866,-0.6333700510252194,close_above_ema21,ema21_reclaim,3,0.5,2022-01-11 08:00:00+00:00,4544,4546,4543,100826.32074934426,100507.01888975577,4.470030711627862,4.594125792861461
v5_b_close_below_ema21,2022-01-26 20:00:00+00:00,37566.78514000001,2022-01-28 00:00:00+00:00,37167.9321,40035.38062126972,0.2035712607682086,7647.517813958206,0.07608939055636127,502.53509444877886,75.10947996935363,0.14946116360637415,close_above_ema21,ema21_reclaim,8,1.3333333333333333,2022-01-26 16:00:00+00:00,4636,4643,4635,100507.01888975577,100582.12836972512,3.0590071255832822,3.0265291190976686
v5_b_close_below_ema21,2022-02-23 20:00:00+00:00,37610.57638,2022-02-25 00:00:00+00:00,38341.36674,40254.86242481025,0.19018768519224763,7153.068460458424,0.07111669415231298,502.91064184862563,-144.76537662834755,-0.2878550672465615,close_above_ema21,ema21_reclaim,8,1.3333333333333333,2022-02-23 16:00:00+00:00,4804,4811,4803,100582.12836972512,100437.36299309677,2.8612273841833695,2.9168223149550534
v5_b_close_below_ema21,2022-03-07 20:00:00+00:00,37297.93892,2022-03-08 12:00:00+00:00,38992.69698,40640.66902596622,0.1502325341998636,5603.363884383323,0.055789635623631935,502.18681496548385,-259.19233243623495,-0.5161273149993986,close_above_ema21,ema21_reclaim,5,0.8333333333333333,2022-03-07 16:00:00+00:00,4876,4880,4875,100437.36299309677,100178.17066066054,2.2413455537533293,2.3431886730371074
v5_b_close_below_ema21,2022-04-26 16:00:00+00:00,38542.48996,2022-04-28 04:00:00+00:00,39350.3685,41585.07511354703,0.1646267328687143,6345.124198740023,0.06333839155671186,500.8908533033027,-138.12770331577656,-0.27576407595555863,close_above_ema21,ema21_reclaim,10,1.6666666666666665,2022-04-26 12:00:00+00:00,5175,5184,5174,100178.17066066054,100040.04295734476,2.5380496794960092,2.5912490413339877
v5_b_close_below_ema21,2022-04-29 12:00:00+00:00,38744.2496,2022-05-02 04:00:00+00:00,38684.63538,41193.18976923885,0.2042517089922169,7913.579194421017,0.07910411631665554,500.20021478672385,5.850313482227914,0.011695943562763923,close_above_ema21,ema21_reclaim,17,2.833333333333333,2022-04-29 08:00:00+00:00,5192,5208,5191,100040.04295734476,100045.89327082699,3.165431677768407,3.160561155242311
v5_b_close_below_ema21,2022-05-05 16:00:00+00:00,36892.62,2022-05-13 04:00:00+00:00,30580.81494,40820.268602951466,0.1273610541376419,4698.6829730994505,0.04696527582976331,500.22946635413496,800.440750832804,1.6001471418041895,close_above_ema21,ema21_reclaim,46,7.666666666666666,2022-05-05 12:00:00+00:00,5229,5274,5228,100045.89327082699,100846.33402165979,1.8794731892397802,1.5579219308586194
v5_b_close_below_ema21,2022-07-13 16:00:00+00:00,19452.208779999997,2022-07-14 00:00:00+00:00,20235.64632,20594.801726520665,0.4413047285507446,8584.351715370309,0.08512309147030135,504.23167010829894,-352.74046617483094,-0.6995603153984146,close_above_ema21,ema21_reclaim,3,0.5,2022-07-13 12:00:00+00:00,5643,5645,5642,100846.33402165979,100493.59355548496,3.4337406861481234,3.57203456251859
v5_b_close_below_ema21,2022-08-26 16:00:00+00:00,20774.04436,2022-08-30 00:00:00+00:00,20290.95738,22269.557153680158,0.33598373073155163,6979.740926455549,0.06945458590454191,502.4679677774248,156.79049681339734,0.31204078044403794,close_above_ema21,ema21_reclaim,21,3.5,2022-08-26 12:00:00+00:00,5907,5927,5906,100493.59355548496,100650.38405229835,2.79189637058222,2.726972624258924
v5_b_close_below_ema21,2022-09-02 20:00:00+00:00,19905.81804,2022-09-05 00:00:00+00:00,20004.70014,20808.566760872614,0.5574662235744159,11096.82120991828,0.1102511561620304,503.25192026149176,-64.02293720639024,-0.12721846579964097,close_above_ema21,ema21_reclaim,14,2.333333333333333,2022-09-02 16:00:00+00:00,5950,5963,5949,100650.38405229835,100586.36111509196,4.438728483967313,4.460777856313756
v5_b_close_below_ema21,2022-09-06 16:00:00+00:00,19818.635479999997,2022-09-08 20:00:00+00:00,19355.07024,20448.12240326206,0.7989551283594876,15834.200453833293,0.1574189609634614,502.9318055754598,357.8486125944579,0.7115251185695122,close_above_ema21,ema21_reclaim,14,2.333333333333333,2022-09-06 12:00:00+00:00,5973,5986,5972,100586.36111509196,100944.20972768642,6.3336801815333175,6.18553305120244
v5_b_close_below_ema21,2022-09-20 04:00:00+00:00,19355.1282,2022-09-22 12:00:00+00:00,19232.945819999997,20448.90247991274,0.46144900086578905,8931.404569519258,0.08847862193991303,504.72104863843214,49.25836589365945,0.09759522814937474,close_above_ema21,ema21_reclaim,15,2.5,2022-09-20 00:00:00+00:00,6054,6068,6053,100944.20972768642,100993.46809358009,3.5725618278077036,3.5500094529379416
v5_b_close_below_ema21,2022-09-29 16:00:00+00:00,19286.142,2022-09-29 20:00:00+00:00,19408.680959999998,20225.71326361345,0.5374444281382901,10365.229558183857,0.10263267272472991,504.96734046790044,-74.17640808091957,-0.1468934763428226,close_above_ema21,ema21_reclaim,2,0.3333333333333333,2022-09-29 12:00:00+00:00,6111,6112,6110,100993.46809358009,100919.29168549916,4.146091823273543,4.172434975786287
v5_b_close_below_ema21,2022-10-14 16:00:00+00:00,19358.02762,2022-10-16 20:00:00+00:00,19381.77558,20259.72132039023,0.5596096082396058,10832.938252719669,0.10734259101301467,504.5964584274958,-21.96125302890274,-0.04352240817809524,close_above_ema21,ema21_reclaim,14,2.333333333333333,2022-10-14 12:00:00+00:00,6201,6214,6200,100919.29168549916,100897.33043247026,4.333175301087867,4.338491135724704
v5_b_close_below_ema21,2022-11-14 16:00:00+00:00,16596.58002,2022-11-15 04:00:00+00:00,16827.56484,17707.494949129574,0.454118167767921,7536.808509896086,0.07469779901600478,504.48665216235133,-110.96580780981517,-0.2199578667427354,close_above_ema21,ema21_reclaim,4,0.6666666666666666,2022-11-14 12:00:00+00:00,6387,6390,6386,100897.33043247026,100786.36462466045,3.0147234039584347,3.056681165254676
v5_b_close_below_ema21,2022-12-28 16:00:00+00:00,16574.98434,2023-01-01 20:00:00+00:00,16607.120759999998,17073.505639013132,1.0108531453337697,16754.875053946977,0.16624148629969918,503.93182312330225,-45.902095360418244,-0.09108790763782922,close_above_ema21,ema21_reclaim,26,4.333333333333333,2022-12-28 12:00:00+00:00,6651,6676,6650,100786.36462466045,100740.46252930003,6.701950021578791,6.714944102073497
v5_b_close_below_ema21,2023-06-13 16:00:00+00:00,25755.64784,2023-06-14 04:00:00+00:00,25993.39764,26764.810969334798,0.49912873152482534,12855.383835979308,0.12760894196053907,503.70231264650016,-128.99953026550097,-0.25610271588336586,close_above_ema21,ema21_reclaim,4,0.6666666666666666,2023-06-13 12:00:00+00:00,7653,7656,7652,100740.46252930003,100611.46299903453,5.142153534391723,5.189620636829436
v5_b_close_below_ema21,2023-08-24 16:00:00+00:00,25999.699020000004,2023-08-27 16:00:00+00:00,26131.2252,27127.493753059556,0.44605396731233804,11597.268896797708,0.11526786860170193,503.05731499517265,-67.96905662163134,-0.13511195363948456,close_above_ema21,ema21_reclaim,19,3.1666666666666665,2023-08-24 12:00:00+00:00,8085,8103,8084,100611.46299903453,100543.4939424129,4.638907558719083,4.6623746684768586
v5_b_close_below_ema21,2024-05-10 16:00:00+00:00,60907.91598,2024-05-13 00:00:00+00:00,61484.19438,64521.86464886527,0.13910476206899502,8472.58116051624,0.08426782110206932,502.7174697120645,-86.97319987380153,-0.17300612195477538,close_above_ema21,ema21_reclaim,15,2.5,2024-05-10 12:00:00+00:00,9645,9659,9644,100543.4939424129,100456.5207425391,3.389032464206496,3.4210976920934963
v5_b_close_below_ema21,2024-07-02 16:00:00+00:00,61946.1083,2024-07-06 20:00:00+00:00,57873.87246,64565.0884448186,0.19178557145857475,11880.36977995026,0.11826379902603401,502.2826037126955,771.8041802956045,1.536593492569125,close_above_ema21,ema21_reclaim,26,4.333333333333333,2024-07-02 12:00:00+00:00,9963,9988,9962,100456.5207425391,101228.3249228347,4.752147911980105,4.439749480904709
v5_b_close_below_ema21,2024-07-10 16:00:00+00:00,57688.55998,2024-07-11 00:00:00+00:00,57736.24494,60578.03155525951,0.1751675389188471,10105.163075468894,0.09982544987454801,506.1416246141735,-16.44032868985321,-0.032481676847632326,close_above_ema21,ema21_reclaim,3,0.5,2024-07-10 12:00:00+00:00,10011,10013,10010,101228.3249228347,101211.88459414484,4.042065230187558,4.045406373022216
v5_b_close_below_ema21,2024-07-11 16:00:00+00:00,57394.21886,2024-07-12 16:00:00+00:00,58217.741219999996,60805.28620004083,0.14835808634744432,8514.896477475997,0.08412941337492483,506.0594229707242,-129.0369890564688,-0.25498386790029925,close_above_ema21,ema21_reclaim,7,1.1666666666666665,2024-07-11 12:00:00+00:00,10017,10023,10016,101211.88459414484,101082.84760508838,3.405958590990399,3.4548290715479717
v5_b_close_below_ema21,2024-08-29 20:00:00+00:00,59256.1464,2024-09-03 00:00:00+00:00,59158.72938,62329.43735484898,0.1644537550953346,9744.895787958892,0.09640503823191016,505.4142380254419,8.231086356730003,0.016285822079107438,close_above_ema21,ema21_reclaim,26,4.333333333333333,2024-08-29 16:00:00+00:00,10312,10337,10311,101082.84760508838,101091.0786914451,3.897958315183557,3.891550077283879
v5_b_close_below_ema21,2024-09-05 04:00:00+00:00,57111.0755,2024-09-09 04:00:00+00:00,55130.92398,60374.55568226291,0.15488232354049133,8845.496073336428,0.08750026399792471,505.4553934572255,299.73674770851846,0.5930033620936798,close_above_ema21,ema21_reclaim,25,4.166666666666666,2024-09-05 00:00:00+00:00,10350,10374,10349,101091.0786914451,101390.81543915362,3.5381984293345714,3.415522241982637
v5_b_close_below_ema21,2025-02-24 16:00:00+00:00,94310.1342,2025-03-01 20:00:00+00:00,85497.89616,97594.4288629239,0.1543570626955997,14557.435297539821,0.14357745555637622,506.95407719576815,1349.1293238626479,2.6612456325933853,close_above_ema21,ema21_reclaim,32,5.333333333333333,2025-02-24 12:00:00+00:00,11385,11416,11384,101390.81543915362,102739.94476301628,5.822974119015929,5.278881647164398
v5_b_close_below_ema21,2025-03-03 20:00:00+00:00,85569.68264,2025-03-04 20:00:00+00:00,88217.74002,97594.92228922689,0.04271846040491239,3655.4050997177587,0.035579200554851864,513.6997238150814,-116.09050679097517,-0.22598903874973614,close_above_ema21,ema21_reclaim,7,1.1666666666666665,2025-03-03 16:00:00+00:00,11428,11434,11427,102739.94476301628,102623.8542562253,1.4621620398871036,1.50741041362209
v5_b_close_below_ema21,2025-03-07 04:00:00+00:00,86972.00211999999,2025-03-07 12:00:00+00:00,88997.59596,95570.97530142228,0.05967215625113223,5189.806899978443,0.05057115558163342,513.1192712811265,-125.07174626264336,-0.24374790280312694,close_above_ema21,ema21_reclaim,3,0.5,2025-03-07 00:00:00+00:00,11448,11450,11447,102623.8542562253,102498.78250996265,2.075922759991377,2.124271380840102
v5_b_close_below_ema21,2025-03-07 20:00:00+00:00,87814.4336,2025-03-11 20:00:00+00:00,83124.22152,95472.26144533324,0.06692418828168524,5876.909688095947,0.057336385312915544,512.4939125498132,309.3126640270068,0.603544074285843,close_above_ema21,ema21_reclaim,25,4.166666666666666,2025-03-07 16:00:00+00:00,11452,11476,11451,102498.78250996265,102808.09517398966,2.350763875238379,2.225208420709197
v5_b_close_below_ema21,2025-03-12 16:00:00+00:00,81713.25408000001,2025-03-12 20:00:00+00:00,82935.68382,86690.29283626565,0.10328239361664966,8439.540471587865,0.08209023284893095,514.0404758699483,-133.05760414047836,-0.25884655078045216,close_above_ema21,ema21_reclaim,2,0.3333333333333333,2025-03-12 12:00:00+00:00,11481,11482,11480,102808.09517398966,102675.03756984917,3.375816188635146,3.426318376465298
v5_b_close_below_ema21,2025-04-08 16:00:00+00:00,78484.3,2025-04-09 20:00:00+00:00,82348.86648,83117.39507610512,0.11080609817332353,8696.539050864576,0.08469964323069643,513.3751878492459,-435.34605103401844,-0.8480075806894257,close_above_ema21,ema21_reclaim,8,1.3333333333333333,2025-04-08 12:00:00+00:00,11643,11650,11642,102675.03756984917,102239.69151881515,3.4786156203458307,3.6499026334579163
v5_b_close_below_ema21,2025-04-10 16:00:00+00:00,78752.2464,2025-04-11 04:00:00+00:00,80863.6695,85722.54433798046,0.0733395418879595,5775.6536736237085,0.056491305752431935,511.19845759407576,-159.53326614570852,-0.3120769708432652,close_above_ema21,ema21_reclaim,4,0.6666666666666666,2025-04-10 12:00:00+00:00,11655,11658,11654,102239.69151881515,102080.15825266944,2.3102614694494834,2.3722017906037456
v5_b_close_below_ema21,2025-09-02 12:00:00+00:00,109686.75826,2025-09-02 16:00:00+00:00,110816.35884,111860.1206540534,0.23484384963127608,25759.26056335357,0.2523434622778904,510.40079126334723,-285.99326910310594,-0.5603307714222261,close_above_ema21,ema21_reclaim,2,0.3333333333333333,2025-09-02 08:00:00+00:00,12524,12525,12523,102080.15825266944,101794.16498356634,10.303704225341429,10.409816124842598
v5_b_close_below_ema21,2025-11-12 16:00:00+00:00,102102.77536,2025-11-13 08:00:00+00:00,103443.1845,108967.87939172944,0.07413883643502676,7569.780961977321,0.07436360387846776,508.9708249178317,-105.47194930565159,-0.2072259236522624,close_above_ema21,ema21_reclaim,5,0.8333333333333333,2025-11-12 12:00:00+00:00,12951,12955,12950,101794.16498356634,101688.6930342607,3.0279123847909286,3.0676629343855186
v5_b_close_below_ema21,2025-11-13 16:00:00+00:00,101301.83558000001,2025-11-23 16:00:00+00:00,87050.60664,106853.13417281146,0.09159000487376104,9278.23561449314,0.09124156617262394,508.4434651713035,1298.36964763132,2.553616550453405,close_above_ema21,ema21_reclaim,61,10.166666666666666,2025-11-13 12:00:00+00:00,12957,13017,12956,101688.6930342607,102987.06268189201,3.711294245797256,3.189186194568582
v5_b_close_below_ema21,2025-12-15 16:00:00+00:00,86967.00312,2025-12-18 16:00:00+00:00,88497.29592,91615.23164384541,0.11078098048919947,9634.289875840868,0.09354854507890382,514.93531340946,-177.3025796549641,-0.34432010203576535,close_above_ema21,ema21_reclaim,19,3.1666666666666665,2025-12-15 12:00:00+00:00,13149,13167,13148,102987.06268189201,102809.76010223705,3.8537159503363476,3.9215268850641736
v5_b_close_below_ema21,2025-12-18 20:00:00+00:00,84416.1134,2025-12-19 08:00:00+00:00,87927.48198,91888.41780649041,0.0687938783736761,5807.31183801805,0.056485997362926324,514.0488005111853,-246.30313675328892,-0.4791434908677111,close_above_ema21,ema21_reclaim,4,0.6666666666666666,2025-12-18 16:00:00+00:00,13168,13171,13167,102809.76010223705,102563.45696548377,2.3229247352072204,2.419549000414287
v5_b_close_below_ema21,2025-12-26 16:00:00+00:00,87077.38104000001,2025-12-28 00:00:00+00:00,87851.0667,90639.14196764816,0.14397858116940893,12537.277774087192,0.1222392277427469,512.8172848274188,-121.46854348262495,-0.23686515075930684,close_above_ema21,ema21_reclaim,9,1.5,2025-12-26 12:00:00+00:00,13215,13223,13214,102563.45696548377,102441.98842200114,5.014911109634877,5.059468775074043
v5_b_close_below_ema21,2026-01-29 04:00:00+00:00,87992.398,2026-02-07 04:00:00+00:00,70892.27562,91698.14648661288,0.13822037409186794,12162.342168800533,0.11872419069706835,512.2099421100057,2354.800872770235,4.597335348606923,close_above_ema21,ema21_reclaim,55,9.166666666666666,2026-01-29 00:00:00+00:00,13416,13470,13415,102441.98842200114,104796.78929477138,4.864936867520213,3.9195027425680835
v5_b_close_below_ema21,2026-02-07 08:00:00+00:00,68064.3844,2026-02-08 12:00:00+00:00,70966.99056,74282.78795802436,0.08426341931406116,5735.337763050643,0.054728182052585034,523.9839464738569,-249.2696235820837,-0.4757199629102005,close_above_ema21,ema21_reclaim,8,1.3333333333333333,2026-02-07 04:00:00+00:00,13471,13478,13470,104796.78929477138,104547.51967118931,2.294135105220257,2.3919685132057205
v5_b_close_below_ema21,2026-02-27 12:00:00+00:00,66078.7816,2026-02-28 20:00:00+00:00,66335.46444,71360.92896252786,0.09896308498780348,6539.360079371305,0.06254916520198794,522.7375983559466,-30.64377462361115,-0.058621715216178025,close_above_ema21,ema21_reclaim,9,1.5,2026-02-27 08:00:00+00:00,13592,13600,13591,104547.51967118931,104516.8758965657,2.615744031748522,2.625904882032454
v5_b_close_below_ema21,2026-03-01 20:00:00+00:00,65917.41388000001,2026-03-02 04:00:00+00:00,66806.05854,69518.81918294619,0.1451056838993715,9564.991421935325,0.09151623926648213,522.5843794828286,-136.6509632268245,-0.2614907153598047,close_above_ema21,ema21_reclaim,3,0.5,2026-03-01 16:00:00+00:00,13606,13608,13605,104516.8758965657,104380.22493333888,3.82599656877413,3.8775755252272592
v5_b_close_below_ema21,2026-03-30 20:00:00+00:00,66508.1957,2026-03-31 04:00:00+00:00,67697.33676,69158.79634078039,0.19689919206879666,13095.409999283416,0.12545872561250598,521.9011246666944,-244.7108983348489,-0.46888363862241234,close_above_ema21,ema21_reclaim,3,0.5,2026-03-30 16:00:00+00:00,13780,13782,13779,104380.22493333888,104135.51403500403,5.238163999713366,5.3318203653013
v5_b_close_below_ema21,2026-03-31 12:00:00+00:00,66640.16930000001,2026-03-31 20:00:00+00:00,67821.96168,69415.68483676147,0.18759670528905012,12501.476200584508,0.12005007433278019,520.6775701750202,-231.7902179268993,-0.4451703534088966,close_above_ema21,ema21_reclaim,3,0.5,2026-03-31 08:00:00+00:00,13784,13786,13783,104135.51403500403,103903.72381707713,5.000590480233804,5.089270622963284
v5_c_rsi_rebound,2021-12-16 16:00:00+00:00,48583.38138,2021-12-19 04:00:00+00:00,47721.64242,50624.55914755388,0.24495661668860547,11900.820730136991,0.1190082073013699,500.0,201.65243899029267,0.40330487798058534,close_above_ema21,ema21_reclaim,16,2.6666666666666665,2021-12-16 12:00:00+00:00,4389,4404,4388,100000.0,100201.65243899029,4.760328292054797,4.675892828010654
v5_c_rsi_rebound,2021-12-31 20:00:00+00:00,45706.75682,2022-01-02 00:00:00+00:00,47732.74464,49557.17122790293,0.13011801045794918,5947.2722619037,0.059353035774782376,501.00826219495144,-268.48076916170015,-0.5358809213753633,close_above_ema21,ema21_reclaim,8,1.3333333333333333,2021-12-31 16:00:00+00:00,4480,4487,4479,100201.65243899029,99933.17166982859,2.3789089047614804,2.484355906501655
v5_c_rsi_rebound,2022-01-03 16:00:00+00:00,46687.96054000001,2022-01-09 20:00:00+00:00,42690.43638,48792.70291031642,0.23740000932942085,11083.722267767635,0.11091134287609113,499.665858349143,940.5248999735245,1.8823077147615117,close_above_ema21,ema21_reclaim,38,6.333333333333333,2022-01-03 12:00:00+00:00,4497,4534,4496,99933.17166982859,100873.69656980211,4.433488907107054,4.0538839979556185
v5_c_rsi_rebound,2022-01-26 20:00:00+00:00,37566.78514000001,2022-01-28 00:00:00+00:00,37167.9321,40035.38062126972,0.20431394559208615,7675.418095163552,0.07608939055636126,504.36848284901055,75.38350033299469,0.14946116360637415,close_above_ema21,ema21_reclaim,8,1.3333333333333333,2022-01-26 16:00:00+00:00,4636,4643,4635,100873.69656980211,100949.0800701351,3.070167238065421,3.037570742739901
v5_c_rsi_rebound,2022-02-23 20:00:00+00:00,37610.57638,2022-02-25 00:00:00+00:00,38341.36674,40254.86242481025,0.19088154299392185,7179.164852305152,0.07111669415231299,504.7454003506755,-145.29352116033633,-0.28785506724656157,close_above_ema21,ema21_reclaim,8,1.3333333333333333,2022-02-23 16:00:00+00:00,4804,4811,4803,100949.0800701351,100803.78654897476,2.871665940922061,2.927463697530814
v5_c_rsi_rebound,2022-03-07 20:00:00+00:00,37297.93892,2022-03-08 12:00:00+00:00,38992.69698,40640.66902596622,0.1507806244498422,5623.8065210496725,0.055789635623631935,504.01893274487384,-260.13793846647417,-0.5161273149993986,close_above_ema21,ema21_reclaim,5,0.8333333333333333,2022-03-07 16:00:00+00:00,4876,4880,4875,100803.78654897476,100543.64861050829,2.249522608419869,2.3517372798511507
v5_c_rsi_rebound,2022-04-29 12:00:00+00:00,38744.2496,2022-05-02 04:00:00+00:00,38684.63538,41193.18976923885,0.20527992041912171,7953.416474586589,0.07910411631665554,502.7182430525414,5.879764198714362,0.011695943562763924,close_above_ema21,ema21_reclaim,17,2.833333333333333,2022-04-29 08:00:00+00:00,5192,5208,5191,100543.64861050829,100549.528374707,3.181366589834636,3.176471548899656
v5_c_rsi_rebound,2022-09-02 20:00:00+00:00,19905.81804,2022-09-05 00:00:00+00:00,20004.70014,20808.566760872614,0.5569076203038742,11085.701754858328,0.11025115616203039,502.74764187353503,-63.958783683538456,-0.12721846579964097,close_above_ema21,ema21_reclaim,14,2.333333333333333,2022-09-02 16:00:00+00:00,5950,5963,5949,100549.528374707,100485.56959102346,4.434280701943331,4.456307979943992
v5_c_rsi_rebound,2022-09-20 04:00:00+00:00,19355.1282,2022-09-22 12:00:00+00:00,19232.945819999997,20448.90247991274,0.4593524067828693,8890.824722260984,0.08847862193991302,502.42784795511733,49.034560449779036,0.09759522814937474,close_above_ema21,ema21_reclaim,15,2.5,2022-09-20 00:00:00+00:00,6054,6068,6053,100485.56959102346,100534.60415147325,3.556329888904394,3.53387998077661
v5_c_rsi_rebound,2022-09-27 20:00:00+00:00,19074.48434,2022-09-28 16:00:00+00:00,19493.898,20827.11313844862,0.28681088728104787,5470.769777983853,0.05441678339670156,502.67302075736626,-124.71713674636435,-0.248107878474273,close_above_ema21,ema21_reclaim,6,1.0,2022-09-27 16:00:00+00:00,6100,6105,6099,100534.60415147325,100409.88701472689,2.188307911193541,2.236424872778498
v5_c_rsi_rebound,2022-09-29 16:00:00+00:00,19286.142,2022-09-29 20:00:00+00:00,19408.680959999998,20225.71326361345,0.5343388570046603,10305.335072309574,0.10263267272472992,502.04943507363447,-73.74778681391636,-0.14689347634282257,close_above_ema21,ema21_reclaim,2,0.3333333333333333,2022-09-29 12:00:00+00:00,6111,6112,6110,100409.88701472689,100336.13922791298,4.1221340289238295,4.148324960053805
v5_c_rsi_rebound,2022-10-14 16:00:00+00:00,19358.02762,2022-10-16 20:00:00+00:00,19381.77558,20259.72132039023,0.5563759577364815,10770.341156966762,0.10734259101301469,501.68069613956493,-21.834352032457115,-0.043522408178095245,close_above_ema21,ema21_reclaim,14,2.333333333333333,2022-10-14 12:00:00+00:00,6201,6214,6200,100336.13922791298,100314.30487588052,4.308136462786705,4.31342158038242
v5_c_rsi_rebound,2022-12-28 16:00:00+00:00,16574.98434,2023-01-01 20:00:00+00:00,16607.120759999998,17073.505639013132,1.0061185457317625,16676.399139687535,0.16624148629969915,501.5715243794026,-45.68710068643623,-0.09108790763782922,close_above_ema21,ema21_reclaim,26,4.333333333333333,2022-12-28 12:00:00+00:00,6651,6676,6650,100314.30487588052,100268.61777519408,6.670559655875015,6.683492875137185
v5_c_rsi_rebound,2023-06-13 16:00:00+00:00,25755.64784,2023-06-14 04:00:00+00:00,25993.39764,26764.810969334798,0.49679092933809177,12795.172226138217,0.12760894196053904,501.3430888759704,-128.3953266504917,-0.2561027158833659,close_above_ema21,ema21_reclaim,4,0.6666666666666666,2023-06-13 12:00:00+00:00,7653,7656,7652,100268.61777519408,100140.22244854359,5.1180688904552865,5.165313668092065
v5_c_rsi_rebound,2024-05-10 16:00:00+00:00,60907.91598,2024-05-13 00:00:00+00:00,61484.19438,64521.86464886527,0.1385468245734468,8438.598350415297,0.08426782110206932,500.70111224271795,-86.62435768755536,-0.1730061219547754,close_above_ema21,ema21_reclaim,15,2.5,2024-05-10 12:00:00+00:00,9645,9659,9644,100140.22244854359,100053.59809085603,3.375439340166119,3.4073759571222255
v5_c_rsi_rebound,2024-05-14 08:00:00+00:00,62010.99532,2024-05-15 04:00:00+00:00,61962.39,64318.69893604705,0.21678173357079908,13442.85106592031,0.13435649814125836,500.26799045428015,-0.2133206241601524,-0.0004264126992543368,close_above_ema21,ema21_reclaim,6,1.0,2024-05-14 04:00:00+00:00,9667,9672,9666,100053.59809085603,100053.38477023187,5.377140426368124,5.372925728155979
v5_c_rsi_rebound,2024-07-02 16:00:00+00:00,61946.1083,2024-07-06 20:00:00+00:00,57873.87246,64565.0884448186,0.19101592841048828,11832.693388341155,0.11826379902603401,500.2669238511594,768.7068997372655,1.5365934925691251,close_above_ema21,ema21_reclaim,26,4.333333333333333,2024-07-02 12:00:00+00:00,9963,9988,9962,100053.38477023187,100822.09166996914,4.733077355336462,4.421932591462836
v5_c_rsi_rebound,2024-08-29 20:00:00+00:00,59256.1464,2024-09-03 00:00:00+00:00,59158.72938,62329.43735484898,0.1640295259238209,9719.757602064525,0.09640503823191014,504.1104583498457,8.20985323290289,0.016285822079107445,close_above_ema21,ema21_reclaim,26,4.333333333333333,2024-08-29 16:00:00+00:00,10312,10337,10311,100822.09166996914,100830.30152320204,3.88790304082581,3.881511333782806
v5_c_rsi_rebound,2024-09-05 04:00:00+00:00,57111.0755,2024-09-09 04:00:00+00:00,55130.92398,60374.55568226291,0.15448278508203772,8822.67800227053,0.08750026399792472,504.15150761601024,298.9635390208914,0.5930033620936797,close_above_ema21,ema21_reclaim,25,4.166666666666666,2024-09-05 00:00:00+00:00,10350,10374,10349,100830.30152320204,101129.26506222293,3.529071200908212,3.4067114722305996
v5_c_rsi_rebound,2025-02-24 16:00:00+00:00,94310.1342,2025-03-01 20:00:00+00:00,85497.89616,97594.4288629239,0.15395887921364343,14519.882559920303,0.14357745555637622,505.64632531111465,1345.649074871098,2.6612456325933853,close_above_ema21,ema21_reclaim,32,5.333333333333333,2025-02-24 12:00:00+00:00,11385,11416,11384,101129.26506222293,102474.91413709402,5.807953023968121,5.265264107167228
v5_c_rsi_rebound,2025-03-03 20:00:00+00:00,85569.68264,2025-03-04 20:00:00+00:00,88217.74002,97594.92228922689,0.04260826275661051,3645.9755219248927,0.035579200554851864,512.3745706854701,-115.7910367090181,-0.2259890387497361,close_above_ema21,ema21_reclaim,7,1.1666666666666665,2025-03-03 16:00:00+00:00,11428,11434,11427,102474.91413709402,102359.123100385,1.4583902087699572,1.5035218586266057
v5_c_rsi_rebound,2025-03-07 04:00:00+00:00,86972.00211999999,2025-03-07 12:00:00+00:00,88997.59596,95570.97530142228,0.059518224409355905,5176.419139509137,0.050571155581633415,511.795615501925,-124.74910794242975,-0.24374790280312694,close_above_ema21,ema21_reclaim,3,0.5,2025-03-07 00:00:00+00:00,11448,11450,11447,102359.123100385,102234.37399244256,2.0705676558036545,2.1187915552961867
v5_c_rsi_rebound,2025-03-07 20:00:00+00:00,87814.4336,2025-03-11 20:00:00+00:00,83124.22152,95472.26144533324,0.06675154891001198,5861.749459455399,0.05733638531291555,511.17186996221284,308.5147530573071,0.603544074285843,close_above_ema21,ema21_reclaim,25,4.166666666666666,2025-03-07 16:00:00+00:00,11452,11476,11451,102234.37399244256,102542.88874549986,2.34469978378216,2.2194682153595804
v5_c_rsi_rebound,2025-04-03 00:00:00+00:00,82496.9973,2025-04-04 08:00:00+00:00,84018.20027999999,90105.05141292991,0.06739100906973568,5559.55589327026,0.05421688389400131,512.7144437274993,-107.00405469823313,-0.20870107329198692,close_above_ema21,ema21_reclaim,9,1.5,2025-04-02 20:00:00+00:00,11609,11617,11608,102542.88874549986,102435.88469080163,2.223822357308104,2.2648285188369393
v5_c_rsi_rebound,2025-04-10 16:00:00+00:00,78752.2464,2025-04-11 04:00:00+00:00,80863.6695,85722.54433798046,0.07348027702850311,5786.736882088937,0.05649130575243194,512.1794234540082,-159.83940299977692,-0.31207697084326524,close_above_ema21,ema21_reclaim,4,0.6666666666666666,2025-04-10 12:00:00+00:00,11655,11658,11654,102435.88469080163,102276.04528780186,2.314694752835575,2.3767539345605275
v5_c_rsi_rebound,2025-10-22 00:00:00+00:00,108221.45138000001,2025-10-23 08:00:00+00:00,109251.74597999999,115927.22948918214,0.06636321721094643,7181.923684814819,0.07022097564102221,511.3802264390093,-74.14655274464808,-0.14499299916417732,close_above_ema21,ema21_reclaim,9,1.5,2025-10-21 20:00:00+00:00,12821,12829,12820,102276.04528780186,102201.89873505721,2.8727694739259277,2.9001189396583533
v5_c_rsi_rebound,2025-11-12 16:00:00+00:00,102102.77536,2025-11-13 08:00:00+00:00,103443.1845,108967.87939172944,0.07443579752229244,7600.10151316107,0.07436360387846776,511.0094936752861,-105.89441432193607,-0.20722592365226233,close_above_ema21,ema21_reclaim,5,0.8333333333333333,2025-11-12 12:00:00+00:00,12951,12955,12950,102201.89873505721,102096.00432073527,3.040040605264428,3.079950374601256
v5_c_rsi_rebound,2025-12-15 16:00:00+00:00,86967.00312,2025-12-18 16:00:00+00:00,88497.29592,91615.23164384541,0.10982248806936083,9550.932662574265,0.09354854507890384,510.4800216036764,-175.76853312579757,-0.3443201020357654,close_above_ema21,ema21_reclaim,19,3.1666666666666665,2025-12-15 12:00:00+00:00,13149,13167,13148,102096.00432073527,101920.23578760948,3.820373065029706,3.887597290137958
v5_c_rsi_rebound,2025-12-18 20:00:00+00:00,84416.1134,2025-12-19 08:00:00+00:00,87927.48198,91888.41780649041,0.06819866418924396,5757.066169927737,0.05648599736292632,509.6011789380474,-244.17208782667709,-0.479143490867711,close_above_ema21,ema21_reclaim,4,0.6666666666666666,2025-12-18 16:00:00+00:00,13168,13171,13167,101920.23578760948,101676.0636997828,2.302826467971095,2.398614726623928
v5_c_rsi_rebound,2025-12-26 16:00:00+00:00,87077.38104000001,2025-12-28 00:00:00+00:00,87851.0667,90639.14196764816,0.1427328585005844,12428.803506583792,0.12223922774274691,508.380318498914,-120.41758078430969,-0.23686515075930684,close_above_ema21,ema21_reclaim,9,1.5,2025-12-26 12:00:00+00:00,13215,13223,13214,101676.0636997828,101555.64611899848,4.971521402633517,5.015693548966601
v5_c_rsi_rebound,2026-01-29 04:00:00+00:00,87992.398,2026-02-07 04:00:00+00:00,70892.27562,91698.14648661288,0.1370244722299302,12057.111896195966,0.11872419069706835,507.7782305949924,2334.426808767436,4.597335348606923,close_above_ema21,ema21_reclaim,55,9.166666666666666,2026-01-29 00:00:00+00:00,13416,13470,13415,101555.64611899848,103890.07292776593,4.822844758478387,3.885590660803699
v5_c_rsi_rebound,2026-02-27 12:00:00+00:00,66078.7816,2026-02-28 20:00:00+00:00,66335.46444,71360.92896252786,0.09834075594404433,6498.237334405408,0.06254916520198796,519.4503646388297,-30.451071344797302,-0.05862171521617802,close_above_ema21,ema21_reclaim,9,1.5,2026-02-27 08:00:00+00:00,13592,13600,13591,103890.07292776593,103859.62185642113,2.599294933762163,2.6093918875715487
v5_c_rsi_rebound,2026-03-01 20:00:00+00:00,65917.41388000001,2026-03-02 04:00:00+00:00,66806.05854,69518.81918294619,0.14419318726978234,9504.842003938591,0.09151623926648211,519.2981092821057,-135.79163408117188,-0.2614907153598048,close_above_ema21,ema21_reclaim,3,0.5,2026-03-01 16:00:00+00:00,13606,13608,13605,103859.62185642113,103723.83022233995,3.8019368015754367,3.853191403925705
v5_c_rsi_rebound,2026-03-30 20:00:00+00:00,66508.1957,2026-03-31 04:00:00+00:00,67697.33676,69158.79634078039,0.19566099212856414,13013.059555342703,0.12545872561250598,518.6191511116998,-243.17203463252048,-0.4688836386224123,close_above_ema21,ema21_reclaim,3,0.5,2026-03-30 16:00:00+00:00,13780,13782,13779,103723.83022233995,103480.65818770743,5.205223822137081,5.298291229969246
v5_c_rsi_rebound,2026-03-31 12:00:00+00:00,66640.16930000001,2026-03-31 20:00:00+00:00,67821.96168,69415.68483676147,0.18641700400721062,12422.860707439295,0.12005007433278017,517.4032909385372,-230.33260588203476,-0.4451703534088966,close_above_ema21,ema21_reclaim,3,0.5,2026-03-31 08:00:00+00:00,13784,13786,13783,103480.65818770743,103250.3255818254,4.969144282975718,5.057266760910978
v5_c_rsi_rebound,2026-04-02 04:00:00+00:00,66528.1917,2026-04-04 12:00:00+00:00,67143.32598,70415.28999345003,0.13281157020882084,8835.713602830441,0.08557564882280376,516.251627909127,-88.79819927818303,-0.17200565475759372,close_above_ema21,ema21_reclaim,15,2.5,2026-04-02 00:00:00+00:00,13794,13808,13793,103250.3255818254,103161.52738254721,3.5342854411321767,3.5669642209786057
v5_d_close_and_rsi,2021-12-16 16:00:00+00:00,48583.38138,2021-12-19 04:00:00+00:00,47721.64242,50624.55914755388,0.24495661668860547,11900.820730136991,0.1190082073013699,500.0,201.65243899029267,0.40330487798058534,close_above_ema21,ema21_reclaim,16,2.6666666666666665,2021-12-16 12:00:00+00:00,4389,4404,4388,100000.0,100201.65243899029,4.760328292054797,4.675892828010654
v5_d_close_and_rsi,2021-12-31 20:00:00+00:00,45706.75682,2022-01-02 00:00:00+00:00,47732.74464,49557.17122790293,0.13011801045794918,5947.2722619037,0.059353035774782376,501.00826219495144,-268.48076916170015,-0.5358809213753633,close_above_ema21,ema21_reclaim,8,1.3333333333333333,2021-12-31 16:00:00+00:00,4480,4487,4479,100201.65243899029,99933.17166982859,2.3789089047614804,2.484355906501655
v5_d_close_and_rsi,2022-01-03 16:00:00+00:00,46687.96054000001,2022-01-09 20:00:00+00:00,42690.43638,48792.70291031642,0.23740000932942085,11083.722267767635,0.11091134287609113,499.665858349143,940.5248999735245,1.8823077147615117,close_above_ema21,ema21_reclaim,38,6.333333333333333,2022-01-03 12:00:00+00:00,4497,4534,4496,99933.17166982859,100873.69656980211,4.433488907107054,4.0538839979556185
v5_d_close_and_rsi,2022-01-26 20:00:00+00:00,37566.78514000001,2022-01-28 00:00:00+00:00,37167.9321,40035.38062126972,0.20431394559208615,7675.418095163552,0.07608939055636126,504.36848284901055,75.38350033299469,0.14946116360637415,close_above_ema21,ema21_reclaim,8,1.3333333333333333,2022-01-26 16:00:00+00:00,4636,4643,4635,100873.69656980211,100949.0800701351,3.070167238065421,3.037570742739901
v5_d_close_and_rsi,2022-02-23 20:00:00+00:00,37610.57638,2022-02-25 00:00:00+00:00,38341.36674,40254.86242481025,0.19088154299392185,7179.164852305152,0.07111669415231299,504.7454003506755,-145.29352116033633,-0.28785506724656157,close_above_ema21,ema21_reclaim,8,1.3333333333333333,2022-02-23 16:00:00+00:00,4804,4811,4803,100949.0800701351,100803.78654897476,2.871665940922061,2.927463697530814
v5_d_close_and_rsi,2022-03-07 20:00:00+00:00,37297.93892,2022-03-08 12:00:00+00:00,38992.69698,40640.66902596622,0.1507806244498422,5623.8065210496725,0.055789635623631935,504.01893274487384,-260.13793846647417,-0.5161273149993986,close_above_ema21,ema21_reclaim,5,0.8333333333333333,2022-03-07 16:00:00+00:00,4876,4880,4875,100803.78654897476,100543.64861050829,2.249522608419869,2.3517372798511507
v5_d_close_and_rsi,2022-04-29 12:00:00+00:00,38744.2496,2022-05-02 04:00:00+00:00,38684.63538,41193.18976923885,0.20527992041912171,7953.416474586589,0.07910411631665554,502.7182430525414,5.879764198714362,0.011695943562763924,close_above_ema21,ema21_reclaim,17,2.833333333333333,2022-04-29 08:00:00+00:00,5192,5208,5191,100543.64861050829,100549.528374707,3.181366589834636,3.176471548899656
v5_d_close_and_rsi,2022-09-02 20:00:00+00:00,19905.81804,2022-09-05 00:00:00+00:00,20004.70014,20808.566760872614,0.5569076203038742,11085.701754858328,0.11025115616203039,502.74764187353503,-63.958783683538456,-0.12721846579964097,close_above_ema21,ema21_reclaim,14,2.333333333333333,2022-09-02 16:00:00+00:00,5950,5963,5949,100549.528374707,100485.56959102346,4.434280701943331,4.456307979943992
v5_d_close_and_rsi,2022-09-20 04:00:00+00:00,19355.1282,2022-09-22 12:00:00+00:00,19232.945819999997,20448.90247991274,0.4593524067828693,8890.824722260984,0.08847862193991302,502.42784795511733,49.034560449779036,0.09759522814937474,close_above_ema21,ema21_reclaim,15,2.5,2022-09-20 00:00:00+00:00,6054,6068,6053,100485.56959102346,100534.60415147325,3.556329888904394,3.53387998077661
v5_d_close_and_rsi,2022-09-29 16:00:00+00:00,19286.142,2022-09-29 20:00:00+00:00,19408.680959999998,20225.71326361345,0.5350025487413931,10318.135125388428,0.10263267272472992,502.67302075736626,-73.83938748279736,-0.14689347634282263,close_above_ema21,ema21_reclaim,2,0.3333333333333333,2022-09-29 12:00:00+00:00,6111,6112,6110,100534.60415147325,100460.76476399045,4.127254050155371,4.153477512523419
v5_d_close_and_rsi,2022-10-14 16:00:00+00:00,19358.02762,2022-10-16 20:00:00+00:00,19381.77558,20259.72132039023,0.5570670213206207,10783.718784915705,0.1073425910130147,502.30382381995224,-21.861472049710002,-0.043522408178095245,close_above_ema21,ema21_reclaim,14,2.333333333333333,2022-10-14 12:00:00+00:00,6201,6214,6200,100460.76476399045,100438.90329194073,4.313487513966282,4.318779196102139
v5_d_close_and_rsi,2022-12-28 16:00:00+00:00,16574.98434,2023-01-01 20:00:00+00:00,16607.120759999998,17073.505639013132,1.0073682256983645,16697.112565563977,0.16624148629969918,502.19451645970366,-45.743847731505795,-0.09108790763782923,close_above_ema21,ema21_reclaim,26,4.333333333333333,2022-12-28 12:00:00+00:00,6651,6676,6650,100438.90329194073,100393.15944420923,6.678845026225591,6.6917943095838694
v5_d_close_and_rsi,2023-06-13 16:00:00+00:00,25755.64784,2023-06-14 04:00:00+00:00,25993.39764,26764.810969334798,0.49740798353574783,12811.06485675124,0.12760894196053907,501.96579722104616,-128.55480394886885,-0.2561027158833659,close_above_ema21,ema21_reclaim,4,0.6666666666666666,2023-06-13 12:00:00+00:00,7653,7656,7652,100393.15944420923,100264.60464026037,5.124425942700496,5.171729402142106
v5_d_close_and_rsi,2024-05-10 16:00:00+00:00,60907.91598,2024-05-13 00:00:00+00:00,61484.19438,64521.86464886527,0.13871891084681912,8449.07976669517,0.08426782110206932,501.32302320130185,-86.73195209070111,-0.17300612195477538,close_above_ema21,ema21_reclaim,15,2.5,2024-05-10 12:00:00+00:00,9645,9659,9644,100264.60464026037,100177.87268816966,3.379631906678068,3.4116081914750866
v5_d_close_and_rsi,2024-07-02 16:00:00+00:00,61946.1083,2024-07-06 20:00:00+00:00,57873.87246,64565.0884448186,0.1912535932858484,11847.415802449317,0.118263799026034,500.88936344084834,769.663336360299,1.5365934925691251,close_above_ema21,ema21_reclaim,26,4.333333333333333,2024-07-02 12:00:00+00:00,9963,9988,9962,100177.87268816966,100947.53602452997,4.738966320979727,4.427434426136761
v5_d_close_and_rsi,2024-08-29 20:00:00+00:00,59256.1464,2024-09-03 00:00:00+00:00,59158.72938,62329.43735484898,0.1642336139135423,9731.85106986194,0.09640503823191016,504.73768012264986,8.220068055098919,0.016285822079107438,close_above_ema21,ema21_reclaim,26,4.333333333333333,2024-08-29 16:00:00+00:00,10312,10337,10311,100947.53602452997,100955.75609258507,3.892740427944776,3.8863407682442603
v5_d_close_and_rsi,2024-09-05 04:00:00+00:00,57111.0755,2024-09-09 04:00:00+00:00,55130.92398,60374.55568226291,0.15467499487400285,8833.65531021129,0.08750026399792471,504.77878046292534,299.33551392806214,0.5930033620936797,close_above_ema21,ema21_reclaim,25,4.166666666666666,2024-09-05 00:00:00+00:00,10350,10374,10349,100955.75609258507,101255.09160651313,3.533462124084516,3.410950153602217
v5_d_close_and_rsi,2025-02-24 16:00:00+00:00,94310.1342,2025-03-01 20:00:00+00:00,85497.89616,97594.4288629239,0.1541504371540905,14537.94841499094,0.14357745555637622,506.27545803256567,1347.323351578381,2.6612456325933853,close_above_ema21,ema21_reclaim,32,5.333333333333333,2025-02-24 12:00:00+00:00,11385,11416,11384,101255.09160651313,102602.41495809151,5.815179365996377,5.271815227527615
v5_d_close_and_rsi,2025-03-03 20:00:00+00:00,85569.68264,2025-03-04 20:00:00+00:00,88217.74002,97594.92228922689,0.04266127659447015,3650.5118992060707,0.035579200554851864,513.0120747904575,-115.93510564890323,-0.22598903874973614,close_above_ema21,ema21_reclaim,7,1.1666666666666665,2025-03-03 16:00:00+00:00,11428,11434,11427,102602.41495809151,102486.4798524426,1.4602047596824284,1.5053925630129117
v5_d_close_and_rsi,2025-03-07 04:00:00+00:00,86972.00211999999,2025-03-07 12:00:00+00:00,88997.59596,95570.97530142228,0.05959227787444448,5182.8597176318135,0.05057115558163342,512.432399262213,-124.90432264853905,-0.24374790280312697,close_above_ema21,ema21_reclaim,3,0.5,2025-03-07 00:00:00+00:00,11448,11450,11447,102486.4798524426,102361.57552979406,2.0731438870527255,2.121427787442343
v5_d_close_and_rsi,2025-03-07 20:00:00+00:00,87814.4336,2025-03-11 20:00:00+00:00,83124.22152,95472.26144533324,0.06683460218564093,5869.04273581338,0.05733638531291555,511.8078776489703,308.8986117278498,0.6035440742858431,close_above_ema21,ema21_reclaim,25,4.166666666666666,2025-03-07 16:00:00+00:00,11452,11476,11451,102361.57552979406,102670.47414152192,2.347617094325352,2.222229710912117
v5_d_close_and_rsi,2025-04-10 16:00:00+00:00,78752.2464,2025-04-11 04:00:00+00:00,80863.6695,85722.54433798046,0.07364855495062894,5799.98914647587,0.05649130575243192,513.3523707076096,-160.20545282563978,-0.3120769708432653,close_above_ema21,ema21_reclaim,4,0.6666666666666666,2025-04-10 12:00:00+00:00,11655,11658,11654,102670.47414152192,102510.26868869628,2.319995658590348,2.3821969626720993
v5_d_close_and_rsi,2025-11-12 16:00:00+00:00,102102.77536,2025-11-13 08:00:00+00:00,103443.1845,108967.87939172944,0.07466038986074343,7623.033014241508,0.07436360387846777,512.5513434434814,-106.2139255642834,-0.2072259236522624,close_above_ema21,ema21_reclaim,5,0.8333333333333333,2025-11-12 12:00:00+00:00,12951,12955,12950,102510.26868869628,102404.054763132,3.0492132056966033,3.089243393282725
v5_d_close_and_rsi,2025-12-15 16:00:00+00:00,86967.00312,2025-12-18 16:00:00+00:00,88497.29592,91615.23164384541,0.11015385134121419,9579.75033327139,0.09354854507890382,512.02027381566,-176.29887292458855,-0.34432010203576535,close_above_ema21,ema21_reclaim,19,3.1666666666666665,2025-12-15 12:00:00+00:00,13149,13167,13148,102404.054763132,102227.75589020741,3.831900133308556,3.899327191548449
v5_d_close_and_rsi,2025-12-18 20:00:00+00:00,84416.1134,2025-12-19 08:00:00+00:00,87927.48198,91888.41780649041,0.06840443745935514,5774.436749632131,0.05648599736292632,511.13877945103707,-244.90881910403093,-0.479143490867711,close_above_ema21,ema21_reclaim,4,0.6666666666666666,2025-12-18 16:00:00+00:00,13168,13171,13167,102227.75589020741,101982.84707110337,2.3097746998528526,2.405851976823794
v5_d_close_and_rsi,2025-12-26 16:00:00+00:00,87077.38104000001,2025-12-28 00:00:00+00:00,87851.0667,90639.14196764816,0.14316352099808552,12466.304468978335,0.12223922774274691,509.9142353555169,-120.78091223180117,-0.2368651507593068,close_above_ema21,ema21_reclaim,9,1.5,2025-12-26 12:00:00+00:00,13215,13223,13214,101982.84707110337,101862.06615887157,4.986521787591334,5.030827212883865
v5_d_close_and_rsi,2026-01-29 04:00:00+00:00,87992.398,2026-02-07 04:00:00+00:00,70892.27562,91698.14648661288,0.13743791102776018,12093.491367443263,0.11872419069706837,509.31033079435787,2341.470387171587,4.597335348606924,close_above_ema21,ema21_reclaim,55,9.166666666666666,2026-01-29 00:00:00+00:00,13416,13470,13415,101862.06615887157,104203.53654604316,4.837396546977305,3.897314507686805
v5_d_close_and_rsi,2026-02-27 12:00:00+00:00,66078.7816,2026-02-28 20:00:00+00:00,66335.46444,71360.92896252786,0.09863747581644033,6517.844222049843,0.06254916520198794,521.0176827302158,-30.542950219603703,-0.05862171521617802,close_above_ema21,ema21_reclaim,9,1.5,2026-02-27 08:00:00+00:00,13592,13600,13591,104203.53654604316,104172.99359582356,2.6071376888199373,2.617265107789135
v5_d_close_and_rsi,2026-03-01 20:00:00+00:00,65917.41388000001,2026-03-02 04:00:00+00:00,66806.05854,69518.81918294619,0.1446282559624758,9533.520607021097,0.09151623926648211,520.8649679791178,-136.20135308272128,-0.2614907153598047,close_above_ema21,ema21_reclaim,3,0.5,2026-03-01 16:00:00+00:00,13606,13608,13605,104172.99359582356,104036.79224274083,3.813408242808439,3.864817493746905
v5_d_close_and_rsi,2026-03-30 20:00:00+00:00,66508.1957,2026-03-31 04:00:00+00:00,67697.33676,69158.79634078039,0.1962513526973836,13052.323371587312,0.12545872561250598,520.1839612137042,-243.90574848690144,-0.4688836386224124,close_above_ema21,ema21_reclaim,3,0.5,2026-03-30 16:00:00+00:00,13780,13782,13779,104036.79224274083,103792.88649425394,5.220929348634925,5.314277565264126
v5_d_close_and_rsi,2026-03-31 12:00:00+00:00,66640.16930000001,2026-03-31 20:00:00+00:00,67821.96168,69415.68483676147,0.18697947303757823,12460.343738849,0.12005007433278017,518.9644324712697,-231.0275798098826,-0.44517035340889666,close_above_ema21,ema21_reclaim,3,0.5,2026-03-31 08:00:00+00:00,13784,13786,13783,103792.88649425394,103561.85891444405,4.9841374955396,5.072525862120489
v5_e_close_rsi_ema55,2021-12-16 16:00:00+00:00,48583.38138,2021-12-19 04:00:00+00:00,47721.64242,50624.55914755388,0.24495661668860547,11900.820730136991,0.1190082073013699,500.0,201.65243899029267,0.40330487798058534,close_above_ema21,ema21_reclaim,16,2.6666666666666665,2021-12-16 12:00:00+00:00,4389,4404,4388,100000.0,100201.65243899029,4.760328292054797,4.675892828010654
v5_e_close_rsi_ema55,2021-12-31 20:00:00+00:00,45706.75682,2022-01-02 00:00:00+00:00,47732.74464,49557.17122790293,0.13011801045794918,5947.2722619037,0.059353035774782376,501.00826219495144,-268.48076916170015,-0.5358809213753633,close_above_ema21,ema21_reclaim,8,1.3333333333333333,2021-12-31 16:00:00+00:00,4480,4487,4479,100201.65243899029,99933.17166982859,2.3789089047614804,2.484355906501655
v5_e_close_rsi_ema55,2022-01-03 16:00:00+00:00,46687.96054000001,2022-01-09 20:00:00+00:00,42690.43638,48792.70291031642,0.23740000932942085,11083.722267767635,0.11091134287609113,499.665858349143,940.5248999735245,1.8823077147615117,close_above_ema21,ema21_reclaim,38,6.333333333333333,2022-01-03 12:00:00+00:00,4497,4534,4496,99933.17166982859,100873.69656980211,4.433488907107054,4.0538839979556185
v5_e_close_rsi_ema55,2022-01-26 20:00:00+00:00,37566.78514000001,2022-01-28 00:00:00+00:00,37167.9321,40035.38062126972,0.20431394559208615,7675.418095163552,0.07608939055636126,504.36848284901055,75.38350033299469,0.14946116360637415,close_above_ema21,ema21_reclaim,8,1.3333333333333333,2022-01-26 16:00:00+00:00,4636,4643,4635,100873.69656980211,100949.0800701351,3.070167238065421,3.037570742739901
v5_e_close_rsi_ema55,2022-02-23 20:00:00+00:00,37610.57638,2022-02-25 00:00:00+00:00,38341.36674,40254.86242481025,0.19088154299392185,7179.164852305152,0.07111669415231299,504.7454003506755,-145.29352116033633,-0.28785506724656157,close_above_ema21,ema21_reclaim,8,1.3333333333333333,2022-02-23 16:00:00+00:00,4804,4811,4803,100949.0800701351,100803.78654897476,2.871665940922061,2.927463697530814
v5_e_close_rsi_ema55,2022-03-07 20:00:00+00:00,37297.93892,2022-03-08 12:00:00+00:00,38992.69698,40640.66902596622,0.1507806244498422,5623.8065210496725,0.055789635623631935,504.01893274487384,-260.13793846647417,-0.5161273149993986,close_above_ema21,ema21_reclaim,5,0.8333333333333333,2022-03-07 16:00:00+00:00,4876,4880,4875,100803.78654897476,100543.64861050829,2.249522608419869,2.3517372798511507
v5_e_close_rsi_ema55,2022-04-29 12:00:00+00:00,38744.2496,2022-05-02 04:00:00+00:00,38684.63538,41193.18976923885,0.20527992041912171,7953.416474586589,0.07910411631665554,502.7182430525414,5.879764198714362,0.011695943562763924,close_above_ema21,ema21_reclaim,17,2.833333333333333,2022-04-29 08:00:00+00:00,5192,5208,5191,100543.64861050829,100549.528374707,3.181366589834636,3.176471548899656
v5_e_close_rsi_ema55,2022-09-02 20:00:00+00:00,19905.81804,2022-09-05 00:00:00+00:00,20004.70014,20808.566760872614,0.5569076203038742,11085.701754858328,0.11025115616203039,502.74764187353503,-63.958783683538456,-0.12721846579964097,close_above_ema21,ema21_reclaim,14,2.333333333333333,2022-09-02 16:00:00+00:00,5950,5963,5949,100549.528374707,100485.56959102346,4.434280701943331,4.456307979943992
v5_e_close_rsi_ema55,2022-09-20 04:00:00+00:00,19355.1282,2022-09-22 12:00:00+00:00,19232.945819999997,20448.90247991274,0.4593524067828693,8890.824722260984,0.08847862193991302,502.42784795511733,49.034560449779036,0.09759522814937474,close_above_ema21,ema21_reclaim,15,2.5,2022-09-20 00:00:00+00:00,6054,6068,6053,100485.56959102346,100534.60415147325,3.556329888904394,3.53387998077661
v5_e_close_rsi_ema55,2022-09-29 16:00:00+00:00,19286.142,2022-09-29 20:00:00+00:00,19408.680959999998,20225.71326361345,0.5350025487413931,10318.135125388428,0.10263267272472992,502.67302075736626,-73.83938748279736,-0.14689347634282263,close_above_ema21,ema21_reclaim,2,0.3333333333333333,2022-09-29 12:00:00+00:00,6111,6112,6110,100534.60415147325,100460.76476399045,4.127254050155371,4.153477512523419
v5_e_close_rsi_ema55,2022-10-14 16:00:00+00:00,19358.02762,2022-10-16 20:00:00+00:00,19381.77558,20259.72132039023,0.5570670213206207,10783.718784915705,0.1073425910130147,502.30382381995224,-21.861472049710002,-0.043522408178095245,close_above_ema21,ema21_reclaim,14,2.333333333333333,2022-10-14 12:00:00+00:00,6201,6214,6200,100460.76476399045,100438.90329194073,4.313487513966282,4.318779196102139
v5_e_close_rsi_ema55,2022-12-28 16:00:00+00:00,16574.98434,2023-01-01 20:00:00+00:00,16607.120759999998,17073.505639013132,1.0073682256983645,16697.112565563977,0.16624148629969918,502.19451645970366,-45.743847731505795,-0.09108790763782923,close_above_ema21,ema21_reclaim,26,4.333333333333333,2022-12-28 12:00:00+00:00,6651,6676,6650,100438.90329194073,100393.15944420923,6.678845026225591,6.6917943095838694
v5_e_close_rsi_ema55,2023-06-13 16:00:00+00:00,25755.64784,2023-06-14 04:00:00+00:00,25993.39764,26764.810969334798,0.49740798353574783,12811.06485675124,0.12760894196053907,501.96579722104616,-128.55480394886885,-0.2561027158833659,close_above_ema21,ema21_reclaim,4,0.6666666666666666,2023-06-13 12:00:00+00:00,7653,7656,7652,100393.15944420923,100264.60464026037,5.124425942700496,5.171729402142106
v5_e_close_rsi_ema55,2024-05-10 16:00:00+00:00,60907.91598,2024-05-13 00:00:00+00:00,61484.19438,64521.86464886527,0.13871891084681912,8449.07976669517,0.08426782110206932,501.32302320130185,-86.73195209070111,-0.17300612195477538,close_above_ema21,ema21_reclaim,15,2.5,2024-05-10 12:00:00+00:00,9645,9659,9644,100264.60464026037,100177.87268816966,3.379631906678068,3.4116081914750866
v5_e_close_rsi_ema55,2024-07-02 16:00:00+00:00,61946.1083,2024-07-06 20:00:00+00:00,57873.87246,64565.0884448186,0.1912535932858484,11847.415802449317,0.118263799026034,500.88936344084834,769.663336360299,1.5365934925691251,close_above_ema21,ema21_reclaim,26,4.333333333333333,2024-07-02 12:00:00+00:00,9963,9988,9962,100177.87268816966,100947.53602452997,4.738966320979727,4.427434426136761
v5_e_close_rsi_ema55,2024-09-05 04:00:00+00:00,57111.0755,2024-09-09 04:00:00+00:00,55130.92398,60374.55568226291,0.15466240085228983,8832.936052086388,0.08750026399792472,504.73768012264986,299.31114128809565,0.5930033620936798,close_above_ema21,ema21_reclaim,25,4.166666666666666,2024-09-05 00:00:00+00:00,10350,10374,10349,100947.53602452997,101246.84716581806,3.5331744208345555,3.410672425580751
v5_e_close_rsi_ema55,2025-02-24 16:00:00+00:00,94310.1342,2025-03-01 20:00:00+00:00,85497.89616,97594.4288629239,0.15413788584316804,14536.764699173458,0.14357745555637622,506.2342358290903,1347.2136491694164,2.6612456325933853,close_above_ema21,ema21_reclaim,32,5.333333333333333,2025-02-24 12:00:00+00:00,11385,11416,11384,101246.84716581806,102594.06081498748,5.814705879669384,5.2713859832564465
v5_e_close_rsi_ema55,2025-03-03 20:00:00+00:00,85569.68264,2025-03-04 20:00:00+00:00,88217.74002,97594.92228922689,0.042657803007519826,3650.214665473109,0.03557920055485187,512.9703040749374,-115.92566592505496,-0.22598903874973614,close_above_ema21,ema21_reclaim,7,1.1666666666666665,2025-03-03 16:00:00+00:00,11428,11434,11427,102594.06081498748,102478.13514906242,1.4600858661892437,1.5052699902167033
v5_e_close_rsi_ema55,2025-03-07 04:00:00+00:00,86972.00211999999,2025-03-07 12:00:00+00:00,88997.59596,95570.97530142228,0.059587425723377066,5182.437716338892,0.050571155581633415,512.3906757453121,-124.8941526287969,-0.243747902803127,close_above_ema21,ema21_reclaim,3,0.5,2025-03-07 00:00:00+00:00,11448,11450,11447,102478.13514906242,102353.24099643363,2.072975086535557,2.1212550555302494
v5_e_close_rsi_ema55,2025-03-07 20:00:00+00:00,87814.4336,2025-03-11 20:00:00+00:00,83124.22152,95472.26144533324,0.06682916034656543,5868.564863797223,0.05733638531291555,511.7662049821681,308.8734604367417,0.6035440742858431,close_above_ema21,ema21_reclaim,25,4.166666666666666,2025-03-07 16:00:00+00:00,11452,11476,11451,102353.24099643363,102662.11445687036,2.3474259455188893,2.2220487714574024
v5_e_close_rsi_ema55,2025-04-10 16:00:00+00:00,78752.2464,2025-04-11 04:00:00+00:00,80863.6695,85722.54433798046,0.07364255830261911,5799.516896974226,0.056491305752431935,513.3105722843518,-160.19240850032347,-0.3120769708432653,close_above_ema21,ema21_reclaim,4,0.6666666666666666,2025-04-10 12:00:00+00:00,11655,11658,11654,102662.11445687036,102501.92204837003,2.3198067587896904,2.3820029982869895
v5_e_close_rsi_ema55,2025-11-12 16:00:00+00:00,102102.77536,2025-11-13 08:00:00+00:00,103443.1845,108967.87939172944,0.0746543108266256,7622.41232798657,0.07436360387846776,512.5096102418502,-106.20527736302839,-0.20722592365226236,close_above_ema21,ema21_reclaim,5,0.8333333333333333,2025-11-12 12:00:00+00:00,12951,12955,12950,102501.92204837003,102395.716771007,3.048964931194628,3.088991859423592
v5_e_close_rsi_ema55,2025-12-15 16:00:00+00:00,86967.00312,2025-12-18 16:00:00+00:00,88497.29592,91615.23164384541,0.1101448823414305,9578.970326239218,0.09354854507890382,511.978583855035,-176.28451823309229,-0.3443201020357653,close_above_ema21,ema21_reclaim,19,3.1666666666666665,2025-12-15 12:00:00+00:00,13149,13167,13148,102395.716771007,102219.43225277391,3.831588130495687,3.899009698657263
v5_e_close_rsi_ema55,2025-12-18 20:00:00+00:00,84416.1134,2025-12-19 08:00:00+00:00,87927.48198,91888.41780649041,0.06839886780039808,5773.966580670013,0.056485997362926324,511.09716126386957,-244.88887802054796,-0.47914349086771113,close_above_ema21,ema21_reclaim,4,0.6666666666666666,2025-12-18 16:00:00+00:00,13168,13171,13167,102219.43225277391,101974.54337475337,2.3095866322680054,2.405656086388762
v5_e_close_rsi_ema55,2025-12-26 16:00:00+00:00,87077.38104000001,2025-12-28 00:00:00+00:00,87851.0667,90639.14196764816,0.14315186426912663,12465.289431549101,0.12223922774274693,509.8727168737669,-120.77107795036217,-0.23686515075930686,close_above_ema21,ema21_reclaim,9,1.5,2025-12-26 12:00:00+00:00,13215,13223,13214,101974.54337475337,101853.772296803,4.986115772619641,5.030417590454555
v5_e_close_rsi_ema55,2026-01-29 04:00:00+00:00,87992.398,2026-02-07 04:00:00+00:00,70892.27562,91698.14648661288,0.1374267204921659,12092.506685381417,0.11872419069706835,509.268861484015,2341.2797388452645,4.597335348606922,close_above_ema21,ema21_reclaim,55,9.166666666666666,2026-01-29 00:00:00+00:00,13416,13470,13415,101853.772296803,104195.05203564826,4.837002674152567,3.896997178673331
v5_e_close_rsi_ema55,2026-02-27 12:00:00+00:00,66078.7816,2026-02-28 20:00:00+00:00,66335.46444,71360.92896252786,0.09862944450851518,6517.313523007494,0.06254916520198796,520.9752601782413,-30.540463336843114,-0.058621715216178025,close_above_ema21,ema21_reclaim,9,1.5,2026-02-27 08:00:00+00:00,13592,13600,13591,104195.05203564826,104164.51157231141,2.6069254092029976,2.617052003572625
v5_e_close_rsi_ema55,2026-03-01 20:00:00+00:00,65917.41388000001,2026-03-02 04:00:00+00:00,66806.05854,69518.81918294619,0.14461647997116323,9532.744364127899,0.09151623926648214,520.8225578615571,-136.19026323074192,-0.26149071535980484,close_above_ema21,ema21_reclaim,3,0.5,2026-03-01 16:00:00+00:00,13606,13608,13605,104164.51157231141,104028.32130908067,3.81309774565116,3.8645028107209076
v5_e_close_rsi_ema55,2026-03-30 20:00:00+00:00,66508.1957,2026-03-31 04:00:00+00:00,67697.33676,69158.79634078039,0.19623537342549738,13051.260619045559,0.12545872561250596,520.1416065454033,-243.88588907591588,-0.4688836386224124,close_above_ema21,ema21_reclaim,3,0.5,2026-03-30 16:00:00+00:00,13780,13782,13779,104028.32130908067,103784.43542000475,5.220504247618224,5.313844863604101
v5_e_close_rsi_ema55,2026-03-31 12:00:00+00:00,66640.16930000001,2026-03-31 20:00:00+00:00,67821.96168,69415.68483676147,0.18696424870513034,12459.329186757193,0.12005007433278017,518.9221771000238,-231.00876897133162,-0.4451703534088966,close_above_ema21,ema21_reclaim,3,0.5,2026-03-31 08:00:00+00:00,13784,13786,13783,103784.43542000475,103553.42665103343,4.983731674702877,5.072112844483736
v5_f_close_breakdown,2022-01-03 16:00:00+00:00,46687.96054000001,2022-01-09 20:00:00+00:00,42690.43638,48792.70291031642,0.23755876588583816,11091.134287609111,0.11091134287609111,500.0,941.1538573807558,1.8823077147615115,close_above_ema21,ema21_reclaim,38,6.333333333333333,2022-01-03 12:00:00+00:00,4497,4534,4496,100000.0,100941.15385738076,4.436453715043645,4.056594952624275
v5_f_close_breakdown,2022-05-05 16:00:00+00:00,36892.62,2022-05-13 04:00:00+00:00,30580.81494,40820.268602951466,0.12850074441680923,4740.729133486465,0.046965275829763314,504.70576928690383,807.6034941765239,1.6001471418041895,close_above_ema21,ema21_reclaim,46,7.666666666666666,2022-05-05 12:00:00+00:00,5229,5274,5228,100941.15385738076,101748.75735155729,1.896291653394586,1.5718629938650726
v5_f_close_breakdown,2022-07-13 16:00:00+00:00,19452.208779999997,2022-07-14 00:00:00+00:00,20235.64632,20594.801726520665,0.44525374351992275,8661.168779026108,0.08512309147030135,508.74378675778644,-355.8969639212609,-0.6995603153984147,close_above_ema21,ema21_reclaim,3,0.5,2022-07-13 12:00:00+00:00,5643,5645,5642,101748.75735155729,101392.86038763603,3.4644675116104433,3.603998910610059
v5_f_close_breakdown,2022-08-26 16:00:00+00:00,20774.04436,2022-08-30 00:00:00+00:00,20290.95738,22269.557153680158,0.3389902808458377,7042.199131900291,0.06945458590454191,506.96430193818014,158.19353643405663,0.31204078044403794,close_above_ema21,ema21_reclaim,21,3.5,2022-08-26 12:00:00+00:00,5907,5927,5906,101392.86038763603,101551.05392407009,2.8168796527601163,2.7513749363508495
v5_f_close_breakdown,2022-09-20 04:00:00+00:00,19355.1282,2022-09-22 12:00:00+00:00,19232.945819999997,20448.90247991274,0.46422308418228503,8985.09730774752,0.08847862193991303,507.7552696203505,49.55449138264539,0.09759522814937474,close_above_ema21,ema21_reclaim,15,2.5,2022-09-20 00:00:00+00:00,6054,6068,6053,101551.05392407009,101600.60841545273,3.5940389230990077,3.5713509705884747
v5_f_close_breakdown,2022-12-28 16:00:00+00:00,16574.98434,2023-01-01 20:00:00+00:00,16607.120759999998,17073.505639013132,1.019019735130476,16890.236151938585,0.16624148629969915,508.0030420772637,-46.27293417647006,-0.09108790763782922,close_above_ema21,ema21_reclaim,26,4.333333333333333,2022-12-28 12:00:00+00:00,6651,6676,6650,101600.60841545273,101554.33548127627,6.756094460775435,6.76919351925401
v5_f_close_breakdown,2023-08-25 16:00:00+00:00,25924.814000000002,2023-08-27 16:00:00+00:00,26131.2252,26871.22941648883,0.5365209278713979,13909.20526217341,0.13696318523730452,507.77167740638134,-121.91559032820551,-0.24009923308627878,close_above_ema21,ema21_reclaim,13,2.1666666666666665,2023-08-25 12:00:00+00:00,8091,8103,8090,101554.33548127627,101432.41989094806,5.563682104869364,5.607979676288182
v5_f_close_breakdown,2024-09-06 16:00:00+00:00,54029.79188,2024-09-09 04:00:00+00:00,55130.92398,59461.90512705473,0.0933636830435598,5044.4203639938205,0.049731834944065946,507.1620994547403,-106.88240696403409,-0.21074604565077992,close_above_ema21,ema21_reclaim,16,2.6666666666666665,2024-09-06 12:00:00+00:00,10359,10374,10358,101432.41989094806,101325.53748398402,2.0177681455975285,2.0588904449469245
v5_f_close_breakdown,2025-02-24 16:00:00+00:00,94310.1342,2025-03-01 20:00:00+00:00,85497.89616,97594.4288629239,0.15425768373927992,14548.062854832648,0.14357745555637622,506.6276874199201,1348.2607204971491,2.6612456325933853,close_above_ema21,ema21_reclaim,32,5.333333333333333,2025-02-24 12:00:00+00:00,11385,11416,11384,101325.53748398402,102673.79820448117,5.819225141933059,5.2754829704892305
v5_f_close_breakdown,2025-11-12 16:00:00+00:00,102102.77536,2025-11-13 08:00:00+00:00,103443.1845,108967.87939172944,0.0747794918547038,7635.1936583757715,0.07436360387846776,513.3689910224058,-106.38336333904803,-0.20722592365226236,close_above_ema21,ema21_reclaim,5,0.8333333333333333,2025-11-12 12:00:00+00:00,12951,12955,12950,102673.79820448117,102567.41484114212,3.0540774633503087,3.0941715090969493
v5_f_close_breakdown,2025-11-13 16:00:00+00:00,101301.83558000001,2025-11-23 16:00:00+00:00,87050.60664,106853.13417281146,0.09238146095578416,9358.411568383037,0.09124156617262391,512.8370742057106,1309.5892403778034,2.553616550453405,close_above_ema21,ema21_reclaim,61,10.166666666666666,2025-11-13 12:00:00+00:00,12957,13017,12956,102567.41484114212,103877.00408151992,3.743364627353215,3.216744887396194
v5_f_close_breakdown,2025-12-15 16:00:00+00:00,86967.00312,2025-12-18 16:00:00+00:00,88497.29592,91615.23164384541,0.11173827141741277,9717.542598981543,0.09354854507890382,519.3850204075995,-178.83470322259274,-0.34432010203576535,close_above_ema21,ema21_reclaim,19,3.1666666666666665,2025-12-15 12:00:00+00:00,13149,13167,13148,103877.00408151992,103698.16937829733,3.8870170395926174,3.9554139484864224
