split_label,sample_type,strategy_name,schedule_name,cost_scenario_name,total_return,annual_return,max_drawdown,profit_factor,trade_count,average_R,win_rate,sharpe,sortino,calmar
2022_test,test,v8_a_flat_1_0__base_cost,v8_a_flat_1_0,base_cost,0.007897529818143179,0.007924757636229574,-0.007798338629792845,1.489885470944603,18,0.08854051617328998,0.4444444444444444,0.2271540866813591,0.0660959702303453,1.0162110178126602
2022_test,test,v8_b_strong_1_0_weak_0_5__base_cost,v8_b_strong_1_0_weak_0_5,base_cost,0.00656016651711111,0.0065827685480304154,-0.005536203959871755,1.6027656182797605,18,0.08854051617328998,0.4444444444444444,0.24046533906219375,0.08323395783074553,1.189040106857426
2022_test,test,v8_c_strong_1_25_weak_0_5__base_cost,v8_c_strong_1_25_weak_0_5,base_cost,0.007850244225759972,0.007877308384044657,-0.006352095665068891,1.6372111486662775,18,0.08854051617328998,0.4444444444444444,0.23978947797043682,0.08229176069687247,1.2401117362515706
2022_test,test,v8_d_strong_1_5_weak_0_5__base_cost,v8_d_strong_1_5_weak_0_5,base_cost,0.009135849810610885,0.009167366288938439,-0.007167897505903298,1.6638594910254036,18,0.08854051617328998,0.4444444444444444,0.23826026307017395,0.08002910098830468,1.2789477362627506
2022_test,test,v8_e_strong_1_25_weak_0_75__base_cost,v8_e_strong_1_25_weak_0_75,base_cost,0.008522879410220119,0.008552272339912292,-0.007482506825425395,1.57041806411597,18,0.08854051617328998,0.4444444444444444,0.23955473782381642,0.0816386590983764,1.1429688658421076
2022_test,test,v8_f_strong_1_5_weak_0_75__base_cost,v8_f_strong_1_5_weak_0_75,base_cost,0.00980934300304881,0.009843194181893944,-0.008297380579458169,1.598586905119853,18,0.08854051617328998,0.4444444444444444,0.24046533906219994,0.08323395783074825,1.1863013980897474
2022_test,test,v8_a_flat_1_0__stress_cost_1_5x,v8_a_flat_1_0,stress_cost_1_5x,0.006899400746382511,0.006923175570546558,-0.00801263663467966,1.415669132113131,18,0.07752271341550553,0.4444444444444444,0.1996802637363855,0.058064397844529596,0.8640321390068055
2022_test,test,v8_b_strong_1_0_weak_0_5__stress_cost_1_5x,v8_b_strong_1_0_weak_0_5,stress_cost_1_5x,0.005763723481730487,0.005783573615508519,-0.005702646937961076,1.5121913978317634,18,0.07752271341550553,0.4444444444444444,0.21273043893298701,0.07381061655437653,1.0141910727470669
2022_test,test,v8_c_strong_1_25_weak_0_5__stress_cost_1_5x,v8_c_strong_1_25_weak_0_5,stress_cost_1_5x,0.006903876094461525,0.006927666393334642,-0.006547962497292725,1.5412811489340625,18,0.07752271341550553,0.4444444444444444,0.21246088166285032,0.07284114623128521,1.0579880987710155
2022_test,test,v8_d_strong_1_5_weak_0_5__stress_cost_1_5x,v8_d_strong_1_5_weak_0_5,stress_cost_1_5x,0.008039275923358291,0.008066994383606696,-0.007393152276007675,1.5636781260106574,18,0.07752271341550553,0.4444444444444444,0.21133377193858918,0.0706873905905207,1.0911440861005635
2022_test,test,v8_e_strong_1_25_weak_0_75__stress_cost_1_5x,v8_e_strong_1_25_weak_0_75,stress_cost_1_5x,0.007475501260228334,0.007501268668905103,-0.007702259685895996,1.48447244401059,18,0.07752271341550553,0.4444444444444444,0.2116164656553117,0.0723935143140975,0.9739049285290994
2022_test,test,v8_f_strong_1_5_weak_0_75__stress_cost_1_5x,v8_f_strong_1_5_weak_0_75,stress_cost_1_5x,0.008611545662188469,0.008641245684077425,-0.008546467434126792,1.5083082413070155,18,0.07752271341550553,0.4444444444444444,0.2127304389329747,0.07381061655437389,1.0110897573390587
2022_test,test,v8_a_flat_1_0__stress_cost_2_0x,v8_a_flat_1_0,stress_cost_2_0x,0.005906267062281589,0.00592660955787494,-0.00826217625441461,1.3439438897183278,18,0.06654990707030635,0.3333333333333333,0.1720494031521718,0.046076016487680276,0.7173182192413602
2022_test,test,v8_b_strong_1_0_weak_0_5__stress_cost_2_0x,v8_b_strong_1_0_weak_0_5,stress_cost_2_0x,0.004971154783820486,0.0049882685646645,-0.005904609031062047,1.4241602002567493,18,0.06654990707030635,0.3333333333333333,0.18475393089736852,0.05868885119335627,0.8448092902380148
2022_test,test,v8_c_strong_1_25_weak_0_5__stress_cost_2_0x,v8_c_strong_1_25_weak_0_5,stress_cost_2_0x,0.005962249741746861,0.005982785626949427,-0.006788231014731028,1.4479014764090687,18,0.06654990707030635,0.3333333333333333,0.18487661347575973,0.05914382911664296,0.8813467918175271
2022_test,test,v8_d_strong_1_5_weak_0_5__stress_cost_2_0x,v8_d_strong_1_5_weak_0_5,stress_cost_2_0x,0.0069483517599020495,0.006972295848970855,-0.007671674414680085,1.4660508653472595,18,0.06654990707030635,0.3333333333333333,0.18414461238021304,0.05846942913627642,0.9088362555675019
2022_test,test,v8_e_strong_1_25_weak_0_75__stress_cost_2_0x,v8_e_strong_1_25_weak_0_75,stress_cost_2_0x,0.006433447423374927,0.006455611464845301,-0.007966263813820817,1.4010765188609164,18,0.06654990707030635,0.3333333333333333,0.18345328850028672,0.056909507418638046,0.8103687770979091
2022_test,test,v8_f_strong_1_5_weak_0_75__stress_cost_2_0x,v8_f_strong_1_5_weak_0_75,stress_cost_2_0x,0.0074200113365809894,0.007445586770371326,-0.0088486593755005,1.4205943471217393,18,0.06654990707030635,0.3333333333333333,0.1847539308973491,0.058688851193348705,0.8414367029412505
2022_test,train,v8_a_flat_1_0__base_cost,v8_a_flat_1_0,base_cost,0.0008265024310381008,0.00040457958077433354,-0.0007183095911762472,1.695080216639436,3,0.05523733016201666,0.3333333333333333,0.1079039583968745,0.028413757613178263,0.563238450027969
2022_test,train,v8_b_strong_1_0_weak_0_5__base_cost,v8_b_strong_1_0_weak_0_5,base_cost,0.001061634370477238,0.000519647394441991,-0.0007183095911763582,2.112338678190296,3,0.05523733016201666,0.3333333333333333,0.1409357276823613,0.018754803712409385,0.7234309562691167
2022_test,train,v8_c_strong_1_25_weak_0_5__base_cost,v8_c_strong_1_25_weak_0_5,base_cost,0.0013852972724257562,0.0006780175326785987,-0.00089788698897042,2.2207775974723503,3,0.05523733016201666,0.3333333333333333,0.1474766567739258,0.017849249806775498,0.755125690657419
2022_test,train,v8_d_strong_1_5_weak_0_5__base_cost,v8_d_strong_1_5_weak_0_5,base_cost,0.0017087791557912624,0.0008362729959450199,-0.0010774643867643707,2.29915828273496,3,0.05523733016201666,0.3333333333333333,0.15181292224187412,0.01732966760890896,0.7761490831788423
2022_test,train,v8_e_strong_1_25_weak_0_75__base_cost,v8_e_strong_1_25_weak_0_75,base_cost,0.0012676932913175953,0.0006204762437116429,-0.00089788698897042,2.012474478221537,3,0.05523733016201666,0.3333333333333333,0.134359810282114,0.01985521742365771,0.6910404664880202
2022_test,train,v8_f_strong_1_5_weak_0_75__base_cost,v8_f_strong_1_5_weak_0_75,base_cost,0.0015911371845533928,0.0007787226069246866,-0.0010774643867643707,2.110676403256533,3,0.05523733016201666,0.3333333333333333,0.1409357276823993,0.018754803712416692,0.7227362839000121
2022_test,train,v8_a_flat_1_0__stress_cost_1_5x,v8_a_flat_1_0,stress_cost_1_5x,0.000703343388562816,0.000344303054806927,-0.0007532282996046691,1.568656224762898,3,0.04702519946090027,0.3333333333333333,0.09419215607592593,0.02221930475548583,0.45710318503385233
2022_test,train,v8_b_strong_1_0_weak_0_5__stress_cost_1_5x,v8_b_strong_1_0_weak_0_5,stress_cost_1_5x,0.0009448923276045296,0.00046251842166089574,-0.0007532282996046691,1.9489052180697495,3,0.04702519946090027,0.3333333333333333,0.12889797302943917,0.015766883762917554,0.6140481204750909
2022_test,train,v8_c_strong_1_25_weak_0_5__stress_cost_1_5x,v8_c_strong_1_25_weak_0_5,stress_cost_1_5x,0.0012409742824610603,0.0006074026832143531,-0.0009415353745056976,2.047363913947616,3,0.04702519946090027,0.3333333333333333,0.13579276400595267,0.015143309122803079,0.6451193440641964
2022_test,train,v8_d_strong_1_5_weak_0_5__stress_cost_1_5x,v8_d_strong_1_5_weak_0_5,stress_cost_1_5x,0.0015368735169973835,0.0007521756872654883,-0.0011298424494069481,2.1184407587729,3,0.04702519946090027,0.3333333333333333,0.14036648055126175,0.014784029310205681,0.6657350214273714
2022_test,train,v8_e_strong_1_25_weak_0_75__stress_cost_1_5x,v8_e_strong_1_25_weak_0_75,stress_cost_1_5x,0.001120164087555997,0.0005482882604928019,-0.0009415353745058086,1.858118403206643,3,0.04702519946090027,0.3333333333333333,0.12197245299493091,0.016520232877288384,0.5823342121166573
2022_test,train,v8_f_strong_1_5_weak_0_75__stress_cost_1_5x,v8_f_strong_1_5_weak_0_75,stress_cost_1_5x,0.0014160276187549226,0.0006930527115662777,-0.001129842449406837,1.947418902571357,3,0.04702519946090027,0.3333333333333333,0.1288979730294615,0.01576688376292054,0.6134065080756416
2022_test,train,v8_a_flat_1_0__stress_cost_2_0x,v8_a_flat_1_0,stress_cost_2_0x,0.0005806432421302521,0.00028424735660270706,-0.0007880643124313913,1.4520282548444543,3,0.03884314388410285,0.3333333333333333,0.07974166618230595,0.01697519894209628,0.3606905580151538
2022_test,train,v8_b_strong_1_0_weak_0_5__stress_cost_2_0x,v8_b_strong_1_0_weak_0_5,stress_cost_2_0x,0.0008286023248620378,0.00040560727845107003,-0.0007880643124313913,1.7990134342275124,3,0.03884314388410285,0.3333333333333333,0.11612620085252097,0.013102811128285052,0.5146880426543641
2022_test,train,v8_c_strong_1_25_weak_0_5__stress_cost_2_0x,v8_c_strong_1_25_weak_0_5,stress_cost_2_0x,0.0010972165628402308,0.0005370592463622703,-0.0009850803905392391,1.8885596034799983,3,0.03884314388410285,0.3333333333333333,0.12338224145216356,0.012718560087262049,0.5451933177436217
2022_test,train,v8_d_strong_1_5_weak_0_5__stress_cost_2_0x,v8_d_strong_1_5_weak_0_5,stress_cost_2_0x,0.0013656470208611715,0.000668403295418285,-0.001182096468647087,1.9531288921411938,3,0.03884314388410285,0.3333333333333333,0.1281993032792097,0.012496345231241851,0.5654388733461615
2022_test,train,v8_e_strong_1_25_weak_0_75__stress_cost_2_0x,v8_e_strong_1_25_weak_0_75,stress_cost_2_0x,0.0009732037463761056,0.00047637323091809236,-0.0009850803905392391,1.7163547505945476,3,0.03884314388410285,0.3333333333333333,0.10884562121145733,0.013564625002394179,0.4835881776687512
2022_test,train,v8_f_strong_1_5_weak_0_75__stress_cost_2_0x,v8_f_strong_1_5_weak_0_75,stress_cost_2_0x,0.0012416009520648252,0.0006077093135055112,-0.001182096468646976,1.7976859142015564,3,0.03884314388410285,0.3333333333333333,0.1161262008525438,0.013102811128287387,0.514094517346028
2023_test,test,v8_a_flat_1_0__base_cost,v8_a_flat_1_0,base_cost,-0.001955208284157406,-0.0019619160075555753,-0.001955208284157406,0.0,2,-0.1956073347614252,0.0,-0.5518041909563658,-0.056415083019240544,-1.003430695058179
2023_test,test,v8_b_strong_1_0_weak_0_5__base_cost,v8_b_strong_1_0_weak_0_5,base_cost,-0.001617860931787174,-0.0016234122607505785,-0.001617860931787174,0.0,2,-0.1956073347614252,0.0,-0.4990435667907696,-0.029950257666686034,-1.003431276974636
2023_test,test,v8_c_strong_1_25_weak_0_5__base_cost,v8_c_strong_1_25_weak_0_5,base_cost,-0.00193788119370919,-0.0019445295310709376,-0.00193788119370919,0.0,2,-0.1956073347614252,0.0,-0.48390121402499625,-0.02678087023221325,-1.0034307249501826
2023_test,test,v8_d_strong_1_5_weak_0_5__base_cost,v8_d_strong_1_5_weak_0_5,base_cost,-0.002257901455631206,-0.002265646447807912,-0.002257901455631206,0.0,2,-0.1956073347614252,0.0,-0.4729313107432126,-0.024893374156736058,-1.003430172808202
2023_test,test,v8_e_strong_1_25_weak_0_75__base_cost,v8_e_strong_1_25_weak_0_75,base_cost,-0.002106500803428224,-0.002113727015488842,-0.002106500803428224,0.0,2,-0.1956073347614252,0.0,-0.5126012883128015,-0.033608942439362535,-1.0034304340396443
2023_test,test,v8_f_strong_1_5_weak_0_75__base_cost,v8_f_strong_1_5_weak_0_75,base_cost,-0.002426466998884269,-0.0024347894941949555,-0.002426466998884269,0.0,2,-0.1956073347614252,0.0,-0.4990435667907716,-0.029950257666686523,-1.0034298819289582
2023_test,test,v8_a_flat_1_0__stress_cost_1_5x,v8_a_flat_1_0,stress_cost_1_5x,-0.0020961516475694886,-0.0021033423949620156,-0.0020961516475694886,0.0,2,-0.20971578979643846,0.0,-0.5545519793171141,-0.05990574483912329,-1.0034304518954364
2023_test,test,v8_b_strong_1_0_weak_0_5__stress_cost_1_5x,v8_b_strong_1_0_weak_0_5,stress_cost_1_5x,-0.0017250638717030142,-0.001730982724666874,-0.0017250638717030142,0.0,2,-0.20971578979643846,0.0,-0.5019104474306398,-0.03064660213446541,-1.0034310920661833
2023_test,test,v8_c_strong_1_25_weak_0_5__stress_cost_1_5x,v8_c_strong_1_25_weak_0_5,stress_cost_1_5x,-0.002063432114362773,-0.0020705107354542784,-0.002063432114362773,0.0,2,-0.20971578979643846,0.0,-0.4864560530233752,-0.027264135904899133,-1.0034305083468624
2023_test,test,v8_d_strong_1_5_weak_0_5__stress_cost_1_5x,v8_d_strong_1_5_weak_0_5,stress_cost_1_5x,-0.002401800357022532,-0.002410038350901811,-0.002401800357022532,0.0,2,-0.20971578979643846,0.0,-0.4752035748914732,-0.025261642035369607,-1.003429924496094
2023_test,test,v8_e_strong_1_25_weak_0_75__stress_cost_1_5x,v8_e_strong_1_25_weak_0_75,stress_cost_1_5x,-0.0022489131116462113,-0.0022566273071292775,-0.0022489131116462113,0.0,2,-0.20971578979643846,0.0,-0.5156514519173707,-0.03458272515540586,-1.0034301883176888
2023_test,test,v8_f_strong_1_5_weak_0_75__stress_cost_1_5x,v8_f_strong_1_5_weak_0_75,stress_cost_1_5x,-0.0025872184636565043,-0.002596091599750716,-0.0025872184636565043,0.0,2,-0.20971578979643846,0.0,-0.5019104474306564,-0.03064660213446953,-1.0034296045033906
2023_test,test,v8_a_flat_1_0__stress_cost_2_0x,v8_a_flat_1_0,stress_cost_2_0x,-0.002236402321642683,-0.00224407365103807,-0.002236402321642683,0.0,2,-0.2237558948876419,0.0,-0.55684146521928,-0.06331738244256264,-1.003430209905055
2023_test,test,v8_b_strong_1_0_weak_0_5__stress_cost_2_0x,v8_b_strong_1_0_weak_0_5,stress_cost_2_0x,-0.0018317339149165335,-0.0018380184255759602,-0.0018317339149165335,0.0,2,-0.2237558948876419,0.0,-0.5044181661013926,-0.0312865668379809,-1.003430908063802
2023_test,test,v8_c_strong_1_25_weak_0_5__stress_cost_2_0x,v8_c_strong_1_25_weak_0_5,stress_cost_2_0x,-0.0021883557135600196,-0.0021958624144252648,-0.0021883557135600196,0.0,2,-0.2237558948876419,0.0,-0.4887047517336193,-0.027705122124938805,-1.0034302928078513
2023_test,test,v8_d_strong_1_5_weak_0_5__stress_cost_2_0x,v8_d_strong_1_5_weak_0_5,stress_cost_2_0x,-0.0025449775122032836,-0.002553705964075337,-0.0025449775122032836,0.0,2,-0.2237558948876419,0.0,-0.4772107862141709,-0.02559627708289855,-1.0034296774058709
2023_test,test,v8_e_strong_1_25_weak_0_75__stress_cost_2_0x,v8_e_strong_1_25_weak_0_75,stress_cost_2_0x,-0.00239061762772097,-0.002398817311816792,-0.00239061762772097,0.0,2,-0.2237558948876419,0.0,-0.5183003232475429,-0.03548511013289319,-1.0034299437939136
2023_test,test,v8_f_strong_1_5_weak_0_75__stress_cost_2_0x,v8_f_strong_1_5_weak_0_75,stress_cost_2_0x,-0.0027471671371621653,-0.0027565880755380245,-0.0027471671371621653,0.0,2,-0.2237558948876419,0.0,-0.5044181661014049,-0.03128656683798416,-1.0034293284337956
2023_test,train,v8_a_flat_1_0__base_cost,v8_a_flat_1_0,base_cost,0.006750921110907138,0.0022144086606337154,-0.007798338629792845,1.3505872417835525,21,0.06510582278405533,0.42857142857142855,0.10865194296047945,0.01845524707318095,0.2839590284235373
2023_test,train,v8_b_strong_1_0_weak_0_5__base_cost,v8_b_strong_1_0_weak_0_5,base_cost,0.005651289196250797,0.001854393009334876,-0.005536203959871977,1.4097327534716793,21,0.06510582278405533,0.42857142857142855,0.11401609978134754,0.0199904636261966,0.3349574948423248
2023_test,train,v8_c_strong_1_25_weak_0_5__base_cost,v8_c_strong_1_25_weak_0_5,base_cost,0.006770157873700278,0.0022207043599367093,-0.006352095665068891,1.4258436323817523,21,0.06510582278405533,0.42857142857142855,0.11352341893383934,0.019268152117884137,0.3496018443407094
2023_test,train,v8_d_strong_1_5_weak_0_5__base_cost,v8_d_strong_1_5_weak_0_5,base_cost,0.00788344325583279,0.0025849166516531685,-0.007167897505903409,1.4377310545377382,21,0.06510582278405533,0.42857142857142855,0.11271562306913921,0.018559460997733306,0.3606241090255904
2023_test,train,v8_e_strong_1_25_weak_0_75__base_cost,v8_e_strong_1_25_weak_0_75,base_cost,0.007323756916319146,0.002401848546378371,-0.0074825068254252836,1.3930645686745682,21,0.06510582278405533,0.42857142857142855,0.11378779224757546,0.020277228761692113,0.32099516945537265
2023_test,train,v8_f_strong_1_5_weak_0_75__base_cost,v8_f_strong_1_5_weak_0_75,base_cost,0.008437654467690736,0.0027661266668479456,-0.00829738057945828,1.4066863788890913,21,0.06510582278405533,0.42857142857142855,0.11401609978135595,0.019990463626198045,0.3333734833974002
2023_test,train,v8_a_flat_1_0__stress_cost_1_5x,v8_a_flat_1_0,stress_cost_1_5x,0.005631845747854136,0.0018480249153005612,-0.00801263663467977,1.2847750905425828,21,0.05450538431193,0.42857142857142855,0.09132839182076892,0.015464915330462124,0.23063880212688798
2023_test,train,v8_b_strong_1_0_weak_0_5__stress_cost_1_5x,v8_b_strong_1_0_weak_0_5,stress_cost_1_5x,0.004740062945827184,0.001555860453411828,-0.0057026469379609646,1.3338056026580596,21,0.05450538431193,0.42857142857142855,0.09638940438578134,0.01684065104040972,0.27283127823588194
2023_test,train,v8_c_strong_1_25_weak_0_5__stress_cost_1_5x,v8_c_strong_1_25_weak_0_5,stress_cost_1_5x,0.005681925534905652,0.0018644268171650324,-0.006547962497292725,1.3469111721364715,21,0.05450538431193,0.42857142857142855,0.09610480914389545,0.016215581985454294,0.28473388751629003
2023_test,train,v8_d_strong_1_5_weak_0_5__stress_cost_1_5x,v8_d_strong_1_5_weak_0_5,stress_cost_1_5x,0.006617932288106587,0.002170882619392245,-0.007393152276007786,1.3565106924318224,21,0.05450538431193,0.42857142857142855,0.0955119094977988,0.015603638855208537,0.29363423589112053
2023_test,train,v8_e_strong_1_25_weak_0_75__stress_cost_1_5x,v8_e_strong_1_25_weak_0_75,stress_cost_1_5x,0.00613144206128835,0.00201162586507575,-0.007702259685896107,1.3198586092314006,21,0.05450538431193,0.42857142857142855,0.09607125495745886,0.017086150796275776,0.2611734668930097
2023_test,train,v8_f_strong_1_5_weak_0_75__stress_cost_1_5x,v8_f_strong_1_5_weak_0_75,stress_cost_1_5x,0.007067867187827703,0.002318126693357625,-0.008546467434126792,1.330942314338317,21,0.05450538431193,0.42857142857142855,0.09638940438578168,0.016840651040410194,0.27123799525651293
2023_test,train,v8_a_flat_1_0__stress_cost_2_0x,v8_a_flat_1_0,stress_cost_2_0x,0.004518457257433273,0.0014832313508434947,-0.00826217625441461,1.2215655196363664,21,0.043947770678986774,0.3333333333333333,0.07391219348330393,0.011644492929731165,0.17952066201092973
2023_test,train,v8_b_strong_1_0_weak_0_5__stress_cost_2_0x,v8_b_strong_1_0_weak_0_5,stress_cost_2_0x,0.0038333386346112164,0.0012586223591464218,-0.005904609031062158,1.2606907126486637,21,0.043947770678986774,0.3333333333333333,0.07861961151706634,0.013011650665494423,0.2131593053028971
2023_test,train,v8_c_strong_1_25_weak_0_5__stress_cost_2_0x,v8_c_strong_1_25_weak_0_5,stress_cost_2_0x,0.004599258921755389,0.0015097145537972256,-0.006788231014731139,1.2708562895995505,21,0.043947770678986774,0.3333333333333333,0.07853489005979726,0.012748372501773903,0.22240176424770966
2023_test,train,v8_d_strong_1_5_weak_0_5__stress_cost_2_0x,v8_d_strong_1_5_weak_0_5,stress_cost_2_0x,0.005359107908641247,0.0017586894456427249,-0.007671674414680085,1.278218936830883,21,0.043947770678986774,0.3333333333333333,0.07815278912500395,0.012428158923202287,0.22924453653525698
2023_test,train,v8_e_strong_1_25_weak_0_75__stress_cost_2_0x,v8_e_strong_1_25_weak_0_75,stress_cost_2_0x,0.00494531324173475,0.0016231196446792051,-0.007966263813820929,1.2494218329651812,21,0.043947770678986774,0.3333333333333333,0.0782214184757171,0.013026842957016749,0.20374917057896105
2023_test,train,v8_f_strong_1_5_weak_0_75__stress_cost_2_0x,v8_f_strong_1_5_weak_0_75,stress_cost_2_0x,0.005705423973811019,0.001872122728982628,-0.008848659375500278,1.2580266026535454,21,0.043947770678986774,0.3333333333333333,0.07861961151706143,0.013011650665493492,0.2115713408706936
2024_test,test,v8_a_flat_1_0__base_cost,v8_a_flat_1_0,base_cost,0.008425262459741845,0.008431057446065982,-0.0014371206661497604,4.640889504056738,7,0.24071208533427865,0.42857142857142855,0.4099653333883093,0.14155647649906342,5.866631553392047
2024_test,test,v8_b_strong_1_0_weak_0_5__base_cost,v8_b_strong_1_0_weak_0_5,base_cost,0.009110859395674353,0.009117128071173042,-0.0008660957193717955,6.73153593888101,7,0.24071208533427865,0.42857142857142855,0.4470024386977174,0.2169014895805808,10.526697993364937
2024_test,test,v8_c_strong_1_25_weak_0_5__base_cost,v8_c_strong_1_25_weak_0_5,base_cost,0.011562545951487646,0.011570511144509688,-0.0010823531412778031,7.398464657792804,7,0.24071208533427865,0.42857142857142855,0.4541659772501082,0.22883655466586655,10.690144189769512
2024_test,test,v8_d_strong_1_5_weak_0_5__base_cost,v8_d_strong_1_5_weak_0_5,base_cost,0.014015918286854667,0.014025585240853733,-0.0012986105631839218,7.922944283915885,7,0.24071208533427865,0.42857142857142855,0.45888916333740215,0.23440877534299112,10.800455223824708
2024_test,test,v8_e_strong_1_25_weak_0_75__base_cost,v8_e_strong_1_25_weak_0_75,base_cost,0.011218908756809975,0.011226635914197702,-0.0010828855808080462,6.170151482853466,7,0.24071208533427865,0.42857142857142855,0.43974955698553286,0.20215703752561112,10.367333459016434
2024_test,test,v8_f_strong_1_5_weak_0_75__base_cost,v8_f_strong_1_5_weak_0_75,base_cost,0.013671447658801572,0.013680875427918737,-0.0012991428874453703,6.724995375680931,7,0.24071208533427865,0.42857142857142855,0.44700243869770895,0.21690148958056768,10.530693398030111
2024_test,test,v8_a_flat_1_0__stress_cost_1_5x,v8_a_flat_1_0,stress_cost_1_5x,0.00798354468247009,0.007989034648588023,-0.0015451234232614075,4.128329157458406,7,0.22817417485845023,0.42857142857142855,0.39258934279205043,0.1370505946255847,5.170483165496883
2024_test,test,v8_b_strong_1_0_weak_0_5__stress_cost_1_5x,v8_b_strong_1_0_weak_0_5,stress_cost_1_5x,0.008793118724538473,0.008799167828548837,-0.0009554979244763562,6.07317237545339,7,0.22817417485845023,0.42857142857142855,0.43636627420036095,0.20786595309843367,9.208986857162527
2024_test,test,v8_c_strong_1_25_weak_0_5__stress_cost_1_5x,v8_c_strong_1_25_weak_0_5,stress_cost_1_5x,0.011195800004987655,0.011203511157939383,-0.0011840608243576245,6.7030966172092965,7,0.22817417485845023,0.42857142857142855,0.4448738580659043,0.2174969739086804,9.46193888647359
2024_test,test,v8_d_strong_1_5_weak_0_5__stress_cost_1_5x,v8_d_strong_1_5_weak_0_5,stress_cost_1_5x,0.013600031629999787,0.01360940982108505,-0.0014126237242387818,7.20168129647746,7,0.22817417485845023,0.42857142857142855,0.4504901282647689,0.2214788024832117,9.634136527346467
2024_test,test,v8_e_strong_1_25_weak_0_75__stress_cost_1_5x,v8_e_strong_1_25_weak_0_75,stress_cost_1_5x,0.010790024679556032,0.010797454863541223,-0.0012046604174119624,5.546704216932803,7,0.22817417485845023,0.42857142857142855,0.42776563872702017,0.19499367290286804,8.96306934923452
2024_test,test,v8_f_strong_1_5_weak_0_75__stress_cost_1_5x,v8_f_strong_1_5_weak_0_75,stress_cost_1_5x,0.013193291528142082,0.01320238742017632,-0.0014332186034090588,6.067245868745066,7,0.22817417485845023,0.42857142857142855,0.4363662742003586,0.20786595309843015,9.211705310531887
2024_test,test,v8_a_flat_1_0__stress_cost_2_0x,v8_a_flat_1_0,stress_cost_2_0x,0.007543825070556176,0.007549011528038774,-0.0016866954683346647,3.672178152014834,7,0.21568834928134684,0.2857142857142857,0.374807434751301,0.12712704007724993,4.475622108294502
2024_test,test,v8_b_strong_1_0_weak_0_5__stress_cost_2_0x,v8_b_strong_1_0_weak_0_5,stress_cost_2_0x,0.008476765842519995,0.008482596402205722,-0.0010445160789236407,5.476957289898606,7,0.21568834928134684,0.2857142857142857,0.42547640390574215,0.19532130114326857,8.121077859277111
2024_test,test,v8_c_strong_1_25_weak_0_5__stress_cost_2_0x,v8_c_strong_1_25_weak_0_5,stress_cost_2_0x,0.010830663423518905,0.010838121741755025,-0.0012853421518480568,6.071427520992543,7,0.21568834928134684,0.2857142857142857,0.4353593111290478,0.20638255706974037,8.432090806461176
2024_test,test,v8_d_strong_1_5_weak_0_5__stress_cost_2_0x,v8_d_strong_1_5_weak_0_5,stress_cost_2_0x,0.01318597943677502,0.013195070254856667,-0.0015261682247723618,6.545391812768758,7,0.21568834928134684,0.2857142857142857,0.44188911613561166,0.21192571845992433,8.645881915687767
2024_test,test,v8_e_strong_1_25_weak_0_75__stress_cost_2_0x,v8_e_strong_1_25_weak_0_75,stress_cost_2_0x,0.010363058979895756,0.010370193642719183,-0.0013258991467004488,4.983973203250431,7,0.21568834928134684,0.2857142857142857,0.4154964183419394,0.18204866743165593,7.821253726971475
2024_test,test,v8_f_strong_1_5_weak_0_75__stress_cost_2_0x,v8_f_strong_1_5_weak_0_75,stress_cost_2_0x,0.012717285437528147,0.012726051098396862,-0.0015667154398727456,5.471513596032647,7,0.21568834928134684,0.2857142857142857,0.4254764039057406,0.19532130114326512,8.12275846303686
2024_test,train,v8_a_flat_1_0__base_cost,v8_a_flat_1_0,base_cost,0.00418765777530683,0.0010346462027732706,-0.007798338629792845,1.1931422207513387,23,0.03728637308349161,0.34782608695652173,0.058822959324105535,0.009132591279309737,0.13267520838611685
2024_test,train,v8_b_strong_1_0_weak_0_5__base_cost,v8_b_strong_1_0_weak_0_5,base_cost,0.0034298785593087633,0.0008476623358522062,-0.005536203959871977,1.2160333785911668,23,0.03728637308349161,0.34782608695652173,0.06016280998619976,0.009707398598733919,0.15311255546152389
2024_test,train,v8_c_strong_1_25_weak_0_5__base_cost,v8_c_strong_1_25_weak_0_5,base_cost,0.004075585709512275,0.0010069988399250551,-0.006534764223191547,1.2212486597432046,23,0.03728637308349161,0.34782608695652173,0.05951983119434094,0.00934086711507817,0.15409872575834752
2024_test,train,v8_d_strong_1_5_weak_0_5__base_cost,v8_d_strong_1_5_weak_0_5,base_cost,0.00471478654734403,0.0011646538971257225,-0.008040541366860499,1.2248147682542458,23,0.03728637308349161,0.34782608695652173,0.05882725867677299,0.008987732640195041,0.14484769668941733
2024_test,train,v8_e_strong_1_25_weak_0_75__base_cost,v8_e_strong_1_25_weak_0_75,base_cost,0.004457974225234862,0.0011013217498543337,-0.0074825068254252836,1.20903762026194,23,0.03728637308349161,0.34782608695652173,0.06039991678191083,0.009869250606367393,0.14718620050062406
2024_test,train,v8_f_strong_1_5_weak_0_75__base_cost,v8_f_strong_1_5_weak_0_75,base_cost,0.005097418494002248,0.0012589916625789233,-0.00829738057945828,1.2134519127990167,23,0.03728637308349161,0.34782608695652173,0.06016280998620459,0.00970739859873469,0.1517336285255847
2024_test,train,v8_a_flat_1_0__stress_cost_1_5x,v8_a_flat_1_0,stress_cost_1_5x,0.002931510903607659,0.00072463097063169,-0.00801263663467977,1.1306393792706133,23,0.026396415959391267,0.34782608695652173,0.04177032317824588,0.006502170266008833,0.09043602045990574
2024_test,train,v8_b_strong_1_0_weak_0_5__stress_cost_1_5x,v8_b_strong_1_0_weak_0_5,stress_cost_1_5x,0.0024147493922346275,0.0005970101434946695,-0.005836666945108093,1.1464520186299765,23,0.026396415959391267,0.34782608695652173,0.04289245218003461,0.006924370481428499,0.10228614192129702
2024_test,train,v8_c_strong_1_25_weak_0_5__stress_cost_1_5x,v8_c_strong_1_25_weak_0_5,stress_cost_1_5x,0.00286624233267041,0.0007085147977134998,-0.007486873360801116,1.149689310663314,23,0.026396415959391267,0.34782608695652173,0.04247534398732665,0.006647330478109501,0.09463427035150047
2024_test,train,v8_d_strong_1_5_weak_0_5__stress_cost_1_5x,v8_d_strong_1_5_weak_0_5,stress_cost_1_5x,0.0033110875126669548,0.0008183407218076422,-0.009135151592941537,1.1517856593147118,23,0.026396415959391267,0.34782608695652173,0.04200962874094872,0.006383638186381342,0.08958151525804453
2024_test,train,v8_e_strong_1_25_weak_0_75__stress_cost_1_5x,v8_e_strong_1_25_weak_0_75,stress_cost_1_5x,0.003128019749788713,0.0007731483427610986,-0.007702259685896107,1.1413713126585727,23,0.026396415959391267,0.34782608695652173,0.04302211186384457,0.007049396822289861,0.10037941776707933
2024_test,train,v8_f_strong_1_5_weak_0_75__stress_cost_1_5x,v8_f_strong_1_5_weak_0_75,stress_cost_1_5x,0.003572981047386792,0.0008829813602682091,-0.008756903044162878,1.1440952034959688,23,0.026396415959391267,0.34782608695652173,0.04289245218003443,0.006924370481428649,0.10083260666643801
2024_test,train,v8_a_flat_1_0__stress_cost_2_0x,v8_a_flat_1_0,stress_cost_2_0x,0.0016820300597792937,0.0004159708894366787,-0.00826217625441461,1.072408443017427,23,0.015551400461561116,0.30434782608695654,0.02467525982103949,0.0037239692368068386,0.05034640712420277
2024_test,train,v8_b_strong_1_0_weak_0_5__stress_cost_2_0x,v8_b_strong_1_0_weak_0_5,stress_cost_2_0x,0.0014048265288508777,0.00034745385052059596,-0.006641847587055105,1.0819950823558375,23,0.015551400461561116,0.30434782608695654,0.025545366097079882,0.004011209603989233,0.05231283102577964
2024_test,train,v8_c_strong_1_25_weak_0_5__stress_cost_2_0x,v8_c_strong_1_25_weak_0_5,stress_cost_2_0x,0.0016633323542230016,0.0004113497830444679,-0.008434124360309991,1.0835158543976389,23,0.015551400461561116,0.30434782608695654,0.025348380009344095,0.003875751479234659,0.04877207940876852
2024_test,train,v8_d_strong_1_5_weak_0_5__stress_cost_2_0x,v8_d_strong_1_5_weak_0_5,stress_cost_2_0x,0.0019151177118175156,0.00047357266172021184,-0.010224023258160964,1.084343430886442,23,0.015551400461561116,0.30434782608695654,0.025106585974253675,0.0037402599234555513,0.046319599414271606
2024_test,train,v8_e_strong_1_25_weak_0_75__stress_cost_2_0x,v8_e_strong_1_25_weak_0_75,stress_cost_2_0x,0.001805262720887546,0.00044642601010691507,-0.008170760021270373,1.0786019236283908,23,0.015551400461561116,0.30434782608695654,0.02557434110809127,0.004063193703702184,0.05463702384414243
2024_test,train,v8_f_strong_1_5_weak_0_75__stress_cost_2_0x,v8_f_strong_1_5_weak_0_75,stress_cost_2_0x,0.0020570837551279197,0.0005086510704290781,-0.009961134324287801,1.0798554051886957,23,0.015551400461561116,0.30434782608695654,0.025545366097074182,0.004011209603988287,0.05106356905446564
2025_test,test,v8_a_flat_1_0__base_cost,v8_a_flat_1_0,base_cost,0.008581495834351083,0.0086110917767932,-0.012636734970622787,1.4174206762919515,15,0.11654391348487937,0.2,0.17962723052535662,0.07971997224668627,0.6814332813667305
2025_test,test,v8_b_strong_1_0_weak_0_5__base_cost,v8_b_strong_1_0_weak_0_5,base_cost,0.007311118450315401,0.00733631718507155,-0.00762489345413131,1.472608059548543,15,0.11654391348487937,0.2,0.19108859169682607,0.10989925841025137,0.9621534030874355
2025_test,test,v8_c_strong_1_25_weak_0_5__base_cost,v8_c_strong_1_25_weak_0_5,base_cost,0.00878594289836565,0.008816247016828704,-0.008538777897110772,1.4850799140108866,15,0.11654391348487937,0.2,0.19092431739713187,0.10763564929655828,1.0324951794110746
2025_test,test,v8_d_strong_1_5_weak_0_5__base_cost,v8_d_strong_1_5_weak_0_5,base_cost,0.010250500681745045,0.010285881996594304,-0.010499168573949946,1.4935403254099002,15,0.11654391348487937,0.2,0.1900430078439669,0.10314305909914187,0.9796853840517582
2025_test,test,v8_e_strong_1_25_weak_0_75__base_cost,v8_e_strong_1_25_weak_0_75,base_cost,0.009427829908333463,0.0094603583613031,-0.01077640082831044,1.456178149201994,15,0.11654391348487937,0.2,0.19010341073250503,0.10708181192017602,0.8778773648108937
2025_test,test,v8_f_strong_1_5_weak_0_75__base_cost,v8_f_strong_1_5_weak_0_75,base_cost,0.010893319584770245,0.010930931677030076,-0.011419520343076695,1.466884776184019,15,0.11654391348487937,0.2,0.1910885916968273,0.10989925841025382,0.957214606974028
2025_test,test,v8_a_flat_1_0__stress_cost_1_5x,v8_a_flat_1_0,stress_cost_1_5x,0.007760965021975208,0.007787720197535597,-0.013011039964328064,1.3671304023204525,15,0.10567241473699432,0.2,0.1634998540795805,0.07150595245161417,0.5985470968413694
2025_test,test,v8_b_strong_1_0_weak_0_5__stress_cost_1_5x,v8_b_strong_1_0_weak_0_5,stress_cost_1_5x,0.006680981363229366,0.00670400102746016,-0.007850514808738773,1.4201338361494198,15,0.10567241473699432,0.2,0.17586002871157702,0.0998477611882815,0.8539568666245461
2025_test,test,v8_c_strong_1_25_weak_0_5__stress_cost_1_5x,v8_c_strong_1_25_weak_0_5,stress_cost_1_5x,0.008045004035297731,0.00807274232436539,-0.009012872652061077,1.4321746228038705,15,0.10567241473699432,0.2,0.1761699858792068,0.09776759675008612,0.8956902683540418
2025_test,test,v8_d_strong_1_5_weak_0_5__stress_cost_1_5x,v8_d_strong_1_5_weak_0_5,stress_cost_1_5x,0.009398611670225598,0.009431038842515616,-0.011029832508932191,1.4403670972826095,15,0.10567241473699432,0.2,0.17567693523113492,0.0936222185481827,0.8550482371222011
2025_test,test,v8_e_strong_1_25_weak_0_75__stress_cost_1_5x,v8_e_strong_1_25_weak_0_75,stress_cost_1_5x,0.008591533821750152,0.008621164531042558,-0.011095124455741012,1.4044161252692624,15,0.10567241473699432,0.2,0.17451989758138106,0.09717002832559714,0.7770227873903353
2025_test,test,v8_f_strong_1_5_weak_0_75__stress_cost_1_5x,v8_f_strong_1_5_weak_0_75,stress_cost_1_5x,0.009945875339478993,0.009980200003776307,-0.011756843773633618,1.4147626526075423,15,0.10567241473699432,0.2,0.175860028711569,0.09984776118827383,0.8488842920715094
2025_test,test,v8_a_flat_1_0__stress_cost_2_0x,v8_a_flat_1_0,stress_cost_2_0x,0.006944870273807746,0.006968802324174295,-0.013383188893543285,1.3197833197778792,15,0.09485169140489878,0.2,0.14730362061661925,0.06345937353555939,0.5207131409119086
2025_test,test,v8_b_strong_1_0_weak_0_5__stress_cost_2_0x,v8_b_strong_1_0_weak_0_5,stress_cost_2_0x,0.006053952885129332,0.006074805577847675,-0.00807496848303646,1.3706760584659266,15,0.09485169140489878,0.2,0.160513559333455,0.08991248573335145,0.7523008406298254
2025_test,test,v8_c_strong_1_25_weak_0_5__stress_cost_2_0x,v8_c_strong_1_25_weak_0_5,stress_cost_2_0x,0.0073077286892588855,0.007332915698282871,-0.009484697969227018,1.382293526955765,15,0.09485169140489878,0.2,0.16129054697399414,0.0880659560250965,0.773131176351047
2025_test,test,v8_d_strong_1_5_weak_0_5__stress_cost_2_0x,v8_d_strong_1_5_weak_0_5,stress_cost_2_0x,0.008550961757963327,0.008580451946893941,-0.011557979010016872,1.3902201916930301,15,0.09485169140489878,0.2,0.1611823673040834,0.08430962490864893,0.7423834166386339
2025_test,test,v8_e_strong_1_25_weak_0_75__stress_cost_2_0x,v8_e_strong_1_25_weak_0_75,stress_cost_2_0x,0.007759579424424956,0.007786329804842618,-0.011412130322460468,1.355641661517689,15,0.09485169140489878,0.2,0.1588274662436757,0.08735630410839676,0.6822853914941865
2025_test,test,v8_f_strong_1_5_weak_0_75__stress_cost_2_0x,v8_f_strong_1_5_weak_0_75,stress_cost_2_0x,0.009003370173528147,0.009034427586313898,-0.012092390139471942,1.3656339973684548,15,0.09485169140489878,0.2,0.16051355933344885,0.08991248573334994,0.7471167802322014
2025_test,train,v8_a_flat_1_0__base_cost,v8_a_flat_1_0,base_cost,0.012648202350897142,0.0024953906969198414,-0.007798338629792845,1.526887925500106,30,0.08475237260867526,0.36666666666666664,0.13584678923904223,0.022092175076911646,0.31999004087696675
2025_test,train,v8_b_strong_1_0_weak_0_5__base_cost,v8_b_strong_1_0_weak_0_5,base_cost,0.012571987096281045,0.0024804290502311588,-0.005889215517057456,1.7195642229232038,30,0.08475237260867526,0.36666666666666664,0.15875978592979265,0.028706935464119104,0.4211815721545379
2025_test,train,v8_c_strong_1_25_weak_0_5__base_cost,v8_c_strong_1_25_weak_0_5,base_cost,0.015685255808045362,0.0030908544559578033,-0.0076100444418849555,1.7751438358734863,30,0.08475237260867526,0.36666666666666664,0.1623218301673154,0.02912285080145068,0.4061545868176586
2025_test,train,v8_d_strong_1_5_weak_0_5__base_cost,v8_d_strong_1_5_weak_0_5,base_cost,0.01879678689718589,0.003699442197285796,-0.009328710398091578,1.8170392555261567,30,0.08475237260867526,0.36666666666666664,0.16433480326753036,0.02909526565128354,0.3965652313574457
2025_test,train,v8_e_strong_1_25_weak_0_75__base_cost,v8_e_strong_1_25_weak_0_75,base_cost,0.015726896588117878,0.003099008882805343,-0.0074825068254252836,1.6690647070906544,30,0.08475237260867526,0.36666666666666664,0.15467823935553365,0.027812640990397725,0.4141671975861117
2025_test,train,v8_f_strong_1_5_weak_0_75__base_cost,v8_f_strong_1_5_weak_0_75,base_cost,0.018838555242939536,0.0037076015715256094,-0.008835551339756775,1.716810660600958,30,0.08475237260867526,0.36666666666666664,0.15875978592979514,0.028706935464119655,0.41962311450138345
2025_test,train,v8_a_flat_1_0__stress_cost_1_5x,v8_a_flat_1_0,stress_cost_1_5x,0.010938459434363779,0.002159537621871932,-0.00801263663467977,1.4375521098686361,30,0.07347789303583836,0.36666666666666664,0.11833919295667746,0.019289376383941008,0.26951648007163614
2025_test,train,v8_b_strong_1_0_weak_0_5__stress_cost_1_5x,v8_b_strong_1_0_weak_0_5,stress_cost_1_5x,0.011229101294869093,0.002216661918351681,-0.0067865879464324985,1.616111044708047,30,0.07347789303583836,0.36666666666666664,0.14292824004695995,0.02574139339770839,0.326623914085857
2025_test,train,v8_c_strong_1_25_weak_0_5__stress_cost_1_5x,v8_c_strong_1_25_weak_0_5,stress_cost_1_5x,0.014094132213580357,0.002779067079162534,-0.008662069271715311,1.6674407782263638,30,0.07347789303583836,0.36666666666666664,0.14708760483262717,0.0261836787624863,0.32083177725640694
2025_test,train,v8_d_strong_1_5_weak_0_5__stress_cost_1_5x,v8_d_strong_1_5_weak_0_5,stress_cost_1_5x,0.016956150037568785,0.003339610365121093,-0.010534870785315675,1.706081090699299,30,0.07347789303583836,0.36666666666666664,0.1495533254855473,0.026196004762685788,0.31700534664137525
2025_test,train,v8_e_strong_1_25_weak_0_75__stress_cost_1_5x,v8_e_strong_1_25_weak_0_75,stress_cost_1_5x,0.0139517958396429,0.002751156559507306,-0.00830409330173354,1.5693019834165007,30,0.07347789303583836,0.36666666666666664,0.13834577352374086,0.024850723510201355,0.331301258252118
2025_test,train,v8_f_strong_1_5_weak_0_75__stress_cost_1_5x,v8_f_strong_1_5_weak_0_75,stress_cost_1_5x,0.016813411956111413,0.003311684243769708,-0.01017757109122075,1.6134284930065403,30,0.07347789303583836,0.36666666666666664,0.14292824004695842,0.02574139339770885,0.32539043098666165
2025_test,train,v8_a_flat_1_0__stress_cost_2_0x,v8_a_flat_1_0,stress_cost_2_0x,0.00923854407086977,0.0018251632567281018,-0.00826217625441461,1.354543188217143,30,0.06225002185284447,0.3,0.10070042647401978,0.015962892434550954,0.22090587280232474
2025_test,train,v8_b_strong_1_0_weak_0_5__stress_cost_2_0x,v8_b_strong_1_0_weak_0_5,stress_cost_2_0x,0.009893500756905205,0.001954047058520425,-0.007679426149380442,1.5199131982970848,30,0.06225002185284447,0.3,0.12691787572797147,0.022246070496274153,0.2544522234487629
2025_test,train,v8_c_strong_1_25_weak_0_5__stress_cost_2_0x,v8_c_strong_1_25_weak_0_5,stress_cost_2_0x,0.012512010770631798,0.002468654596676556,-0.009708625776603919,1.567295525653802,30,0.06225002185284447,0.3,0.13167031248078753,0.022918720506442697,0.25427435905765156
2025_test,train,v8_d_strong_1_5_weak_0_5__stress_cost_2_0x,v8_d_strong_1_5_weak_0_5,stress_cost_2_0x,0.01512634985135941,0.002981379122251937,-0.011734587903507565,1.602918042042672,30,0.06225002185284447,0.3,0.1345875941382045,0.023141138777430025,0.254067645729662
2025_test,train,v8_e_strong_1_25_weak_0_75__stress_cost_2_0x,v8_e_strong_1_25_weak_0_75,stress_cost_2_0x,0.0121870297448341,0.002404845131308564,-0.009485825564230943,1.4765577289289165,30,0.06225002185284447,0.3,0.1218412586369526,0.021237519802130077,0.25351985602357374
2025_test,train,v8_f_strong_1_5_weak_0_75__stress_cost_2_0x,v8_f_strong_1_5_weak_0_75,stress_cost_2_0x,0.01480052971393886,0.002917537020773242,-0.011512243501216046,1.5173197164102439,30,0.06225002185284447,0.3,0.12691787572796678,0.022246070496273373,0.2534290575477369
2026_test,test,v8_a_flat_1_0__base_cost,v8_a_flat_1_0,base_cost,0.013396608909893803,0.03249458411456141,-0.009374577451657151,2.396925354750747,7,0.38792047261883394,0.14285714285714285,0.36650800863049476,0.3518221836173827,3.4662452022109345
2026_test,test,v8_b_strong_1_0_weak_0_5__base_cost,v8_b_strong_1_0_weak_0_5,base_cost,0.01504138492312257,0.03652598528680295,-0.007766759822530833,2.8931192540249637,7,0.38792047261883394,0.14285714285714285,0.4120512844209623,0.40193682511368045,4.702860152935797
2026_test,test,v8_c_strong_1_25_weak_0_5__base_cost,v8_c_strong_1_25_weak_0_5,base_cost,0.019166407353045534,0.0466769278314898,-0.009299726322286372,3.003400272855585,7,0.38792047261883394,0.14285714285714285,0.4210607021838944,0.39751754715025356,5.019172200759356
2026_test,test,v8_d_strong_1_5_weak_0_5__base_cost,v8_d_strong_1_5_weak_0_5,base_cost,0.02327547352711079,0.056846075011149244,-0.010831085592504452,3.077324926278106,7,0.38792047261883394,0.14285714285714285,0.42704447080019353,0.3924952255529308,5.248418962775903
2026_test,test,v8_e_strong_1_25_weak_0_75__base_cost,v8_e_strong_1_25_weak_0_75,base_cost,0.018340546731534957,0.044640007531074,-0.010102519995475845,2.764735985313047,7,0.38792047261883394,0.14285714285714285,0.40300430333945664,0.40179153743880824,4.418700240243512
2026_test,test,v8_f_strong_1_5_weak_0_75__base_cost,v8_f_strong_1_5_weak_0_75,base_cost,0.022446283207996354,0.05478936470507101,-0.011632638360077885,2.8652803122336747,7,0.38792047261883394,0.14285714285714285,0.41205128442096595,0.4019368251136966,4.709968883164367
2026_test,test,v8_a_flat_1_0__stress_cost_1_5x,v8_a_flat_1_0,stress_cost_1_5x,0.012966576622253756,0.0314420728616529,-0.00968011224109322,2.3095597629139952,7,0.375732560418764,0.14285714285714285,0.35642656324980765,0.3383877374995159,3.248110360557349
2026_test,test,v8_b_strong_1_0_weak_0_5__stress_cost_1_5x,v8_b_strong_1_0_weak_0_5,stress_cost_1_5x,0.014651798967897145,0.035570268013604744,-0.008032566070565794,2.7832696968959154,7,0.375732560418764,0.14285714285714285,0.40328478466270345,0.38394679369700063,4.42825713490823
2026_test,test,v8_c_strong_1_25_weak_0_5__stress_cost_1_5x,v8_c_strong_1_25_weak_0_5,stress_cost_1_5x,0.018688476221909278,0.045497865866505505,-0.009621558616597303,2.8883750209761523,7,0.375732560418764,0.14285714285714285,0.41255726370376244,0.37929776937650883,4.7287417433617405
2026_test,test,v8_d_strong_1_5_weak_0_5__stress_cost_1_5x,v8_d_strong_1_5_weak_0_5,stress_cost_1_5x,0.0227087790413798,0.05544020210542766,-0.011208816515353659,2.958784352413948,7,0.375732560418764,0.14285714285714285,0.4187161092729052,0.3743077216075784,4.946124510958543
2026_test,test,v8_e_strong_1_25_weak_0_75__stress_cost_1_5x,v8_e_strong_1_25_weak_0_75,stress_cost_1_5x,0.017842372974454346,0.04341242118233435,-0.010444148088279315,2.6608842900479877,7,0.375732560418764,0.14285714285714285,0.3939744307663791,0.3843657010203503,4.156626353378966
2026_test,test,v8_f_strong_1_5_weak_0_75__stress_cost_1_5x,v8_f_strong_1_5_weak_0_75,stress_cost_1_5x,0.02185933660696948,0.0533349255373905,-0.012030087640854226,2.756793791100932,7,0.375732560418764,0.14285714285714285,0.40328478466270373,0.3839467936969855,4.433461096016032
2026_test,test,v8_a_flat_1_0__stress_cost_2_0x,v8_a_flat_1_0,stress_cost_2_0x,0.012538462588385979,0.0303948790646138,-0.00998438604570373,2.2278729683927514,7,0.3635947922759404,0.14285714285714285,0.3462901725984378,0.3251228226761527,3.044241170712012
2026_test,test,v8_b_strong_1_0_weak_0_5__stress_cost_2_0x,v8_b_strong_1_0_weak_0_5,stress_cost_2_0x,0.014263982923417684,0.03461940380355211,-0.008297248087990927,2.680882087811296,7,0.3635947922759404,0.14285714285714285,0.394466582150151,0.3666578790381807,4.172395887940088
2026_test,test,v8_c_strong_1_25_weak_0_5__stress_cost_2_0x,v8_c_strong_1_25_weak_0_5,stress_cost_2_0x,0.018212760830552455,0.04432504059589215,-0.009942005167919543,2.7812459892430197,7,0.3635947922759404,0.14285714285714285,0.40400305006985704,0.3618771888416728,4.45836024496531
2026_test,test,v8_d_strong_1_5_weak_0_5__stress_cost_2_0x,v8_d_strong_1_5_weak_0_5,stress_cost_2_0x,0.022144759511457,0.054042050084279536,-0.01158489605168811,2.8484418547514303,7,0.3635947922759404,0.14285714285714285,0.4103376249856574,0.35696789087833924,4.66487138453044
2026_test,test,v8_e_strong_1_25_weak_0_75__stress_cost_2_0x,v8_e_strong_1_25_weak_0_75,stress_cost_2_0x,0.017346492400580393,0.04219132247763402,-0.010784320269200509,2.5640152840490678,7,0.3635947922759404,0.14285714285714285,0.38489200194600925,0.3675212982750654,3.912283892210654
2026_test,test,v8_f_strong_1_5_weak_0_75__stress_cost_2_0x,v8_f_strong_1_5_weak_0_75,stress_cost_2_0x,0.0212751458412217,0.05188847860773227,-0.01242581342494864,2.6556734491375833,7,0.3635947922759404,0.14285714285714285,0.3944665821501511,0.366657879038152,4.175861718923785
2026_test,train,v8_a_flat_1_0__base_cost,v8_a_flat_1_0,base_cost,0.021338238681034793,0.003500358967674755,-0.012636734970622787,1.4760459787038895,45,0.09534955290074332,0.3111111111111111,0.13618782371071372,0.03084712725888702,0.27699868485112683
2026_test,train,v8_b_strong_1_0_weak_0_5__base_cost,v8_b_strong_1_0_weak_0_5,base_cost,0.019975020833413515,0.0032785683895311113,-0.0076248934541310875,1.6028214666214162,45,0.09534955290074332,0.3111111111111111,0.15510672229049235,0.040124367685755516,0.429982190473077
2026_test,train,v8_c_strong_1_25_weak_0_5__base_cost,v8_c_strong_1_25_weak_0_5,base_cost,0.024609008468287064,0.00403149558368443,-0.00853877789711055,1.6370152251235257,45,0.09534955290074332,0.3111111111111111,0.15758107959063475,0.04025382904627017,0.47213964717932927
2026_test,train,v8_d_strong_1_5_weak_0_5__base_cost,v8_d_strong_1_5_weak_0_5,base_cost,0.0292399640558354,0.004781096554326458,-0.010499168573949835,1.662051383897669,45,0.09534955290074332,0.3111111111111111,0.15876535108705417,0.03975210951651901,0.455378587423498
2026_test,train,v8_e_strong_1_25_weak_0_75__base_cost,v8_e_strong_1_25_weak_0_75,base_cost,0.025302997002470295,0.0041440096056393205,-0.010776400828310662,1.5686346305358012,45,0.09534955290074332,0.3111111111111111,0.15196776572133933,0.039053648290016105,0.3845448653647516
2026_test,train,v8_f_strong_1_5_weak_0_75__base_cost,v8_f_strong_1_5_weak_0_75,base_cost,0.029937089230486658,0.0048936945782478425,-0.011419520343076806,1.5981133075353529,45,0.09534955290074332,0.3111111111111111,0.15510672229049005,0.0401243676857555,0.4285376645626532
2026_test,train,v8_a_flat_1_0__stress_cost_1_5x,v8_a_flat_1_0,stress_cost_1_5x,0.01878431745740361,0.003084642801440163,-0.013011039964328064,1.4050965039082768,45,0.08420940026955699,0.3111111111111111,0.12078793980706452,0.02726498590838498,0.23707888146506548
2026_test,train,v8_b_strong_1_0_weak_0_5__stress_cost_1_5x,v8_b_strong_1_0_weak_0_5,stress_cost_1_5x,0.017985104074575098,0.002954371674653622,-0.007850514808738773,1.5242496704395159,45,0.08420940026955699,0.3111111111111111,0.14076586621613454,0.03621358729015263,0.37632839968214227
2026_test,train,v8_c_strong_1_25_weak_0_5__stress_cost_1_5x,v8_c_strong_1_25_weak_0_5,stress_cost_1_5x,0.022252523599410212,0.003648971429857095,-0.009012872652061188,1.5563935875983614,45,0.08420940026955699,0.3111111111111111,0.1437137230170081,0.03638421539659605,0.40486219773920784
2026_test,train,v8_d_strong_1_5_weak_0_5__stress_cost_1_5x,v8_d_strong_1_5_weak_0_5,stress_cost_1_5x,0.02651412597741931,0.0043402137197574575,-0.011029832508932191,1.579936501738743,45,0.08420940026955699,0.3111111111111111,0.14527361199319824,0.0359506889654703,0.39349769964708536
2026_test,train,v8_e_strong_1_25_weak_0_75__stress_cost_1_5x,v8_e_strong_1_25_weak_0_75,stress_cost_1_5x,0.022663196987223078,0.0037156882468631913,-0.011095124455741123,1.4921696279824326,45,0.08420940026955699,0.3111111111111111,0.1372553829428707,0.03515674972127494,0.3348937870580194
2026_test,train,v8_f_strong_1_5_weak_0_75__stress_cost_1_5x,v8_f_strong_1_5_weak_0_75,stress_cost_1_5x,0.02692651139493729,0.004406976486579506,-0.011756843773633396,1.5198993385615722,45,0.08420940026955699,0.3111111111111111,0.1407658662161325,0.03621358729015305,0.37484350148998796
2026_test,train,v8_a_flat_1_0__stress_cost_2_0x,v8_a_flat_1_0,stress_cost_2_0x,0.016247574834768352,0.002670861092306076,-0.013383188893543396,1.3386628657660862,45,0.07311724503686252,0.26666666666666666,0.10529937005075668,0.02293690947999681,0.19956836248456525
2026_test,train,v8_b_strong_1_0_weak_0_5__stress_cost_2_0x,v8_b_strong_1_0_weak_0_5,stress_cost_2_0x,0.016007348429485813,0.0026316318115762183,-0.00807496848303646,1.4506203522738037,45,0.07311724503686252,0.26666666666666666,0.12629014058939117,0.031163765102114462,0.3258999483533137
2026_test,train,v8_c_strong_1_25_weak_0_5__stress_cost_2_0x,v8_c_strong_1_25_weak_0_5,stress_cost_2_0x,0.019911173839959773,0.0032681746534448664,-0.009708625776603919,1.4808276744664484,45,0.07311724503686252,0.26666666666666666,0.1297058255360191,0.03161764127232144,0.3366258756538534
2026_test,train,v8_d_strong_1_5_weak_0_5__stress_cost_2_0x,v8_d_strong_1_5_weak_0_5,stress_cost_2_0x,0.023806656448439822,0.0039013336609479143,-0.011734587903507565,1.5029588998425418,45,0.07311724503686252,0.26666666666666666,0.13163901143906234,0.03147877806985689,0.3324644796245272
2026_test,train,v8_e_strong_1_25_weak_0_75__stress_cost_2_0x,v8_e_strong_1_25_weak_0_75,stress_cost_2_0x,0.020041175394511335,0.003289337204878784,-0.011412130322460579,1.420525319845037,45,0.07311724503686252,0.26666666666666666,0.12241582801316137,0.03002859266287247,0.2882316545583899
2026_test,train,v8_f_strong_1_5_weak_0_75__stress_cost_2_0x,v8_f_strong_1_5_weak_0_75,stress_cost_2_0x,0.023937154535245808,0.0039225095679933375,-0.012092390139472053,1.4466014619083905,45,0.07311724503686252,0.26666666666666666,0.1262901405893864,0.031163765102113446,0.32437835057847314
